Page total likes,Category,Post Month,Post Weekday,Post Hour,Paid,Lifetime Post Total Reach,Lifetime Post Total Impressions,Lifetime Engaged Users,Lifetime Post Consumers,Lifetime Post Consumptions,Lifetime Post Impressions by people who have liked your Page,Lifetime Post reach by people who like your Page,Lifetime People who have liked your Page and engaged with your post,comment,like,share,Type_Link,Type_Photo,Type_Status,Type_Video,Total Interaction
1.0049599589910356,0.13272005477357798,1.5061543622687612,-0.0657240779900777,-1.1058777683671228,-0.6248595347774147,-0.4946095071788486,-0.32136508118936885,-0.7589123994159402,-0.7861172966056071,-0.6316810054727446,-0.23058682717279097,-0.6501612803187884,-0.8067701424081111,-0.16739261338738157,-0.30901050336440433,-0.24087905500636975,-0.21566554640687685,0.419251680374017,-0.31622776601683794,-0.1197675343951021,-0.29889890181378437
1.0049599589910356,0.13272005477357798,1.5061543622687612,-0.5586546629156589,0.4920648785853713,-0.6248595347774147,-0.15650947792942868,-0.1401413058979024,0.5373077921615741,0.6297080499438432,0.12369092621107648,-0.0867520683371052,-0.06881464073506234,0.8046996610395856,-0.12034017521205286,-0.15164404331771697,0.040723304123296916,-0.21566554640687685,-2.3852021275332596,3.1622776601683795,-0.1197675343951021,-0.1310484177236527
1.0049599589910356,1.3058705389328826,1.5061543622687612,-0.5586546629156589,-1.1058777683671228,-0.6248595347774147,-0.5094792412104461,-0.33068189850708857,-0.7599258632091986,-0.7815938929425099,-0.6341739821449685,-0.23501917724812607,-0.6679708710215994,-0.7855880317460079,-0.35560236608869644,-0.3491235225919913,-0.3112796447887864,-0.21566554640687685,0.419251680374017,-0.31622776601683794,-0.1197675343951021,-0.3513521780919505
1.0049599589910356,0.13272005477357798,1.5061543622687612,-1.0515852478412402,0.4920648785853713,1.6003596718040265,1.5834687213785614,0.7543510130153117,1.3014594922784197,-0.016007822963294293,-0.15302948440576888,0.7350156334121435,3.3027878736306615,1.257670950583023,2.3734390480803693,4.297815474080777,2.8098131688983523,-0.21566554640687685,0.419251680374017,-0.31622776601683794,-0.1197675343951021,4.099308314110448
1.0049599589910356,0.13272005477357798,1.5061543622687612,-1.0515852478412402,-1.1058777683671228,-0.6248595347774147,-0.29757456537962773,-0.21102956913843524,-0.25927474933954103,-0.44573117095753645,-0.421772369671498,-0.17809847101750714,-0.4473659409291165,-0.3554282459925277,0.5383939592425492,0.45005124509608774,0.510060569339408,-0.21566554640687685,0.419251680374017,-0.31622776601683794,-0.1197675343951021,0.4695415956613497
1.0049599589910356,0.13272005477357798,1.5061543622687612,-1.5445158327668214,0.2637873575921578,-0.6248595347774147,-0.15598311566282347,-0.11688819080966614,0.2677264231548354,0.3040229862008387,-0.018408744105681957,-0.014701385157598106,0.15738016089187937,0.6547954932770091,-0.3085499279133677,-0.08376047231718516,0.13459075716651914,-0.21566554640687685,-2.3852021275332596,3.1622776601683795,-0.1197675343951021,-0.07334981381766995
1.0049599589910356,1.3058705389328826,1.5061543622687612,-1.5445158327668214,-1.1058777683671228,1.6003596718040265,-0.1024696185579594,-0.13466540491172177,-0.45183287005864015,-0.609704553744813,-0.5294689619115676,-0.02473249322283013,0.349255751237492,-0.38312792916604727,-0.2144450515627103,0.21554436345788694,-0.006210422398314191,-0.21566554640687685,0.419251680374017,-0.31622776601683794,-0.1197675343951021,0.17055792087580265
1.0049599589910356,1.3058705389328826,1.5061543622687612,1.4130676767866661,0.2637873575921578,1.6003596718040265,-0.013514395501677155,-0.07422287696473262,-0.3950788976361688,-0.6470226339653656,-0.5588860866438088,0.046851626790852224,0.5738905887152824,-0.31306402466832134,-0.35560236608869644,0.45005124509608774,-0.3112796447887864,-0.21566554640687685,0.419251680374017,-0.31622776601683794,-0.1197675343951021,0.3279177497103011
1.0049599589910356,0.13272005477357798,1.5061543622687612,1.4130676767866661,-1.1058777683671228,-0.6248595347774147,-0.09580236318095994,-0.09497161079625595,0.6112906490694385,0.681727192069462,0.13266564223108226,-0.028265042906931773,0.16517998163763598,1.0360734851948665,-0.35560236608869644,-0.05598992054424032,0.08765703064490803,-0.21566554640687685,-2.3852021275332596,3.1622776601683795,-0.1197675343951021,-0.057613830934220095
1.0049599589910356,1.3058705389328826,1.5061543622687612,0.9201370918610848,0.4920648785853713,-0.6248595347774147,-0.4094265470332371,-0.27494968349370974,-0.6555390925035818,-0.7024343288383074,-0.586308830038271,-0.2100747108467102,-0.561243323817163,-0.6764186921797838,-0.2144450515627103,-0.2040995299999461,-0.029677285659119746,-0.21566554640687685,0.419251680374017,-0.31622776601683794,-0.1197675343951021,-0.18874702162963547
1.0049599589910356,0.13272005477357798,1.5061543622687612,0.42720650693550355,0.4920648785853713,-0.6248595347774147,0.33844650676834687,0.1619026449441042,3.376019877078398,3.7271087082497094,1.5526651547297772,0.34880130993050257,1.6003469988568524,5.1877671749670915,-0.35560236608869644,0.16617449363931835,-0.19394532848475862,-0.21566554640687685,-2.3852021275332596,3.1622776601683795,-0.1197675343951021,0.09974599790027834
1.0049599589910356,0.13272005477357798,1.5061543622687612,0.42720650693550355,0.4920648785853713,-0.6248595347774147,-0.47881863918069195,-0.31489002291424056,-0.7285084856181878,-0.7657619801216694,-0.6386613401549714,-0.21710648427449744,-0.5807428756815546,-0.7318180585268229,-0.35560236608869644,-0.28123995159145954,-0.21741219174556417,-0.21566554640687685,0.419251680374017,-0.31622776601683794,-0.1197675343951021,-0.2831629189303345
1.0049599589910356,0.13272005477357798,1.5061543622687612,0.42720650693550355,0.4920648785853713,-0.6248595347774147,-0.49044247256822393,-0.3208200863044883,-0.743710442517064,-0.7793321911109612,-0.6446444841683086,-0.21890608505696432,-0.5940025709493408,-0.7530001691889261,-0.35560236608869644,-0.27506871786413845,-0.3112796447887864,-0.21566554640687685,0.419251680374017,-0.31622776601683794,-0.1197675343951021,-0.28840824655815117
1.0049599589910356,0.13272005477357798,1.5061543622687612,0.42720650693550355,-1.1058777683671228,-0.6248595347774147,-0.5035138021889203,-0.3238954145834571,-0.6869564700945927,-0.7578460237112491,-0.6271936474627418,-0.22137220464775226,-0.6141521078758787,-0.7024889822254492,-0.12034017521205286,-0.1300447252720932,-0.40514709783200864,-0.21566554640687685,0.419251680374017,-0.31622776601683794,-0.1197675343951021,-0.1625203834905524
0.9415157172576669,0.13272005477357798,1.5061543622687612,-0.0657240779900777,-0.6493227263806959,1.6003596718040265,0.3840645698741326,0.13085091257460119,-0.04036656999572314,-0.5282832878090619,-0.5030434091859949,0.29158067023613915,1.647145923331392,0.11383697482945068,-0.261497489738039,1.2276266947385432,-0.17047846522395307,-0.21566554640687685,0.419251680374017,-0.31622776601683794,-0.1197675343951021,1.009810341326461
0.9415157172576669,0.13272005477357798,1.5061543622687612,-0.5586546629156589,0.4920648785853713,-0.6248595347774147,-0.17405488681626938,-0.13205721510550777,0.3417092800626998,0.4578187107461464,-0.00045931206567036603,0.005927371959938849,0.24785808154265607,0.8926868899437065,-0.16739261338738157,-0.28741118531878057,-0.21741219174556417,-0.21566554640687685,-2.3852021275332596,3.1622776601683795,-0.1197675343951021,-0.2779175913025179
0.9415157172576669,1.3058705389328826,1.5061543622687612,-0.5586546629156589,-1.1058777683671228,-0.6248595347774147,-0.5397889350624633,-0.3487445861202721,-0.7741143563148165,-0.7702853837847666,-0.6371655541516371,-0.2507490211245032,-0.7268595176520617,-0.8002525698966947,-0.261497489738039,-0.4293495610471653,-0.3582133713103975,-0.21566554640687685,0.419251680374017,-0.31622776601683794,-0.1197675343951021,-0.4195414372535665
0.9415157172576669,-1.0404304293857267,1.5061543622687612,-1.0515852478412402,0.9486199205717981,1.6003596718040265,1.7210247270513925,1.063103591368824,0.7896602766829197,0.3379485136740683,0.11421761485662592,1.2596492504118615,4.307404785684113,1.1289488934825498,0.35018420654123433,1.5392739979682575,-0.17047846522395307,-0.21566554640687685,0.419251680374017,-0.31622776601683794,-0.1197675343951021,1.308794016112008
0.9415157172576669,1.3058705389328826,1.5061543622687612,-1.0515852478412402,-1.1058777683671228,-0.6248595347774147,-0.4429382780071028,-0.28998894710267503,-0.8075586614923442,-0.8121268676684166,-0.6551149861916487,-0.19841063170109158,-0.5500635807482452,-0.8360992187094848,-0.16739261338738157,-0.3861509249559178,-0.24087905500636975,-0.21566554640687685,-2.3852021275332596,3.1622776601683795,-0.1197675343951021,-0.36446549716149207
0.9415157172576669,1.3058705389328826,1.5061543622687612,-1.5445158327668214,0.7203423995785847,-0.6248595347774147,-0.5455350564729037,-0.35076885283554265,-0.81667983563167,-0.809865165836868,-0.6556135815260935,-0.2466166045129126,-0.712429849272412,-0.8377286118373388,-0.35560236608869644,-0.44786326222912853,-0.45208082435361974,-0.21566554640687685,0.419251680374017,-0.31622776601683794,-0.1197675343951021,-0.4510134030204662
0.9415157172576669,0.13272005477357798,1.5061543622687612,-1.5445158327668214,-1.1058777683671228,-0.6248595347774147,-0.49039860904600685,-0.3216894829065597,-0.7366161959642551,-0.7487992163850545,-0.6192161221116255,-0.2225386125623141,-0.6081722453041319,-0.7448532035496556,-0.2144450515627103,-0.3491235225919913,-0.3582133713103975,-0.21566554640687685,0.419251680374017,-0.31622776601683794,-0.1197675343951021,-0.3487295142780422
0.9415157172576669,-1.0404304293857267,1.5061543622687612,1.4130676767866661,0.4920648785853713,-0.6248595347774147,-0.5546148055718437,-0.35541428542571485,-0.9241069977170621,-0.8924172826883934,-0.7009857569605672,-0.24528356689627046,-0.71099988213569,-0.9762270277049366,-0.35560236608869644,-0.5527742355935867,-0.6398157304400641,-0.21566554640687685,0.419251680374017,-0.31622776601683794,-0.1197675343951021,-0.5611652832046151
0.9415157172576669,-1.0404304293857267,1.5061543622687612,1.4130676767866661,0.4920648785853713,-0.6248595347774147,-0.4638173145824432,-0.29850124816176155,-0.8197202270114452,-0.7917715511844787,-0.6461402701716429,-0.1771986706262737,-0.46036564217204423,-0.8279522530702143,-0.35560236608869644,-0.5034043657750182,-0.592882003918453,4.636809247747853,-2.3852021275332596,-0.31622776601683794,-0.1197675343951021,-0.5139573345542656
0.9415157172576669,1.3058705389328826,1.5061543622687612,1.4130676767866661,-1.1058777683671228,-0.6248595347774147,-0.49588154932314454,-0.32399922313295815,-0.760939327002457,-0.7759396383636383,-0.6396585308238609,-0.232486405776506,-0.6526312235549446,-0.7676647073396129,-0.35560236608869644,-0.3306098214100281,-0.07661101218073085,-0.21566554640687685,0.419251680374017,-0.31622776601683794,-0.1197675343951021,-0.3093895570694176
0.9415157172576669,0.13272005477357798,1.5061543622687612,0.9201370918610848,0.4920648785853713,-0.6248595347774147,-0.24300834374155325,-0.18897025236946108,0.4197459921435978,0.52680061660838,0.03145078933879469,-0.12051124597856713,-0.18165204752367464,0.6205782375920732,-0.2144450515627103,-0.24729816609119362,-0.19394532848475862,-0.21566554640687685,-2.3852021275332596,3.1622776601683795,-0.1197675343951021,-0.24382296172170992
0.944233873670781,0.13272005477357798,1.5061543622687612,0.9201370918610848,-1.1058777683671228,-0.6248595347774147,-0.251956502273842,-0.19143570542011112,0.6021694749301127,0.7439239924370497,0.14213895358553283,-0.11081339731749565,-0.16501242993272722,0.954603828802162,-0.35560236608869644,-0.28123995159145954,-0.21741219174556417,-0.21566554640687685,-2.3852021275332596,3.1622776601683795,-0.1197675343951021,-0.2831629189303345
0.944233873670781,0.13272005477357798,1.5061543622687612,0.42720650693550355,0.7203423995785847,-0.6248595347774147,0.24229766606845995,0.0556156663237117,1.9044704492671776,1.9528036213997992,0.9942383801516387,0.01385894577895952,0.4137342694024133,1.898022449829681,0.11492201566459075,0.7184999122345544,1.049798424337936,-0.21566554640687685,-2.3852021275332596,3.1622776601683795,-0.1197675343951021,0.7344306408660888
0.944233873670781,1.3058705389328826,1.5061543622687612,0.42720650693550355,-1.1058777683671228,-0.6248595347774147,-0.5066281122663344,-0.33155129510915987,-0.7244546304451541,-0.7691545328689924,-0.6366669588171924,-0.2383517712897314,-0.6757706917673559,-0.7301886653989688,-0.35560236608869644,-0.24421254922753308,-0.24087905500636975,-0.21566554640687685,0.419251680374017,-0.31622776601683794,-0.1197675343951021,-0.25431361697734317
0.9712301089555737,0.13272005477357798,1.5061543622687612,0.42720650693550355,-1.1058777683671228,-0.6248595347774147,-0.19598664792482023,-0.15043132836719447,0.046791316224500654,-0.27723438450716253,-0.26970079266584424,-0.12829285306571556,-0.24613056568859595,0.011185207774642913,1.3382854082231375,1.0610033841008741,0.8385966549906859,-0.21566554640687685,0.419251680374017,-0.31622776601683794,-0.1197675343951021,1.0701316090463522
0.9712301089555737,-1.0404304293857267,1.5061543622687612,-0.0657240779900777,0.7203423995785847,1.6003596718040265,0.9728884921165059,0.4075136730635999,0.21705323349191458,0.29836873162196703,0.15061507427109386,0.22019650586495315,0.9711614586991524,-0.08983716615231077,0.49134152106722045,-0.11153102409012998,-0.33474650804959194,-0.21566554640687685,-2.3852021275332596,-0.31622776601683794,8.34950811211569,-0.10482177958456963
0.9712301089555737,0.13272005477357798,1.5061543622687612,-0.0657240779900777,-1.3341552893603363,-0.6248595347774147,-0.39863612056783004,-0.26558096190123953,-0.5491253942114481,-0.5633396661980659,-0.46116140109263454,-0.18423044405406092,-0.48246513428502125,-0.555843600718581,1.1971280936971513,-0.22261323118190932,-0.12354473870234196,-0.21566554640687685,0.419251680374017,-0.31622776601683794,-0.1197675343951021,-0.13629374535146932
0.9712301089555737,0.13272005477357798,1.5061543622687612,-0.5586546629156589,0.4920648785853713,-0.6248595347774147,-0.5414996124289303,-0.34941934169202893,-0.7447239063103224,-0.7160045398275993,-0.6007680947371692,-0.25546464169337474,-0.7518189440384829,-0.787217424873862,-0.3085499279133677,-0.4694625802747523,-0.3816802345712031,-0.21566554640687685,0.419251680374017,-0.31622776601683794,-0.1197675343951021,-0.4588813944621911
0.9712301089555737,1.3058705389328826,1.5061543622687612,-0.5586546629156589,-1.1058777683671228,-0.6248595347774147,-0.3837225230140155,-0.26314146098796476,-0.5663542786968412,-0.641368379386494,-0.5389422732660181,-0.20722534294113765,-0.5485036165990939,-0.5639905663578514,-0.261497489738039,-0.07450362172620355,0.4631268428177969,-0.21566554640687685,0.419251680374017,-0.31622776601683794,-0.1197675343951021,-0.026141865167320408
0.9712301089555737,1.3058705389328826,1.5061543622687612,-1.0515852478412402,0.2637873575921578,-0.6248595347774147,-0.48364362662457316,-0.31841951359727644,-0.6677006580226827,-0.7001726270067588,-0.5878046160416053,-0.23123668301090403,-0.6454813878713345,-0.6845656578190542,-0.16739261338738157,-0.25038378295485414,-0.10007787544153642,-0.21566554640687685,0.419251680374017,-0.31622776601683794,-0.1197675343951021,-0.2333323064660767
0.9712301089555737,-1.0404304293857267,1.5061543622687612,-1.0515852478412402,-1.1058777683671228,-0.6248595347774147,-0.45013189565070744,-0.2946603318302225,-0.6372967442249303,-0.6153588083236846,-0.4960630745037682,-0.185530155730287,-0.48142515818558707,-0.6030960014263497,-0.261497489738039,-0.3799796912285967,-0.24087905500636975,-0.21566554640687685,0.419251680374017,-0.31622776601683794,-0.1197675343951021,-0.36446549716149207
0.9712301089555737,0.13272005477357798,1.5061543622687612,-1.5445158327668214,0.7203423995785847,-0.6248595347774147,-0.4174097080767496,-0.28610910256507316,-0.5106137700676283,-0.5882183863451009,-0.4960630745037682,-0.19551127488489495,-0.47934520598671865,-0.48577969622085504,-0.07328773703672413,-0.022048135043974414,-0.14701160196314753,-0.21566554640687685,0.419251680374017,-0.31622776601683794,-0.1197675343951021,-0.039255184236861945
0.9712301089555737,1.3058705389328826,1.5061543622687612,-1.5445158327668214,-1.1058777683671228,-0.6248595347774147,-0.4973290455563089,-0.32737300099174244,-0.6839160787148174,-0.7193970925749222,-0.5982751180649453,-0.23102006439819966,-0.6388515402374413,-0.6764186921797838,-0.35560236608869644,-0.25655501668217523,-0.24087905500636975,-0.21566554640687685,0.419251680374017,-0.31622776601683794,-0.1197675343951021,-0.26480427223297637
0.9712301089555737,-1.0404304293857267,1.5061543622687612,1.4130676767866661,0.4920648785853713,1.6003596718040265,0.25317581957830115,-0.01549319008451085,-0.453859797645157,-0.42989925813669594,-0.30958841942142556,-0.19544462300406285,-0.5056046024974326,-0.5965784289149333,0.39723664471656306,-0.31826735395538597,-0.45208082435361974,-0.21566554640687685,0.419251680374017,-0.31622776601683794,-0.1197675343951021,-0.29889890181378437
0.9712301089555737,0.13272005477357798,1.5061543622687612,1.4130676767866661,0.2637873575921578,-0.6248595347774147,0.155623346167467,0.04153663179763114,4.484749266903105,4.973306417433013,2.5533459909604233,0.10362236628959892,0.6695683898632302,5.686361472090444,0.16197445383991949,0.1476607924573551,0.08765703064490803,-0.21566554640687685,-2.3852021275332596,3.1622776601683795,-0.1197675343951021,0.14433128273671958
0.9712301089555737,-1.0404304293857267,1.5061543622687612,1.4130676767866661,-1.1058777683671228,-0.6248595347774147,-0.4710109322260479,-0.3084668689138628,-0.6291890338788629,-0.5882183863451009,-0.5105223392026664,-0.1987938800158762,-0.527444100585551,-0.5982078220427873,-0.3085499279133677,-0.41700709359252314,-0.3112796447887864,-0.21566554640687685,0.419251680374017,-0.31622776601683794,-0.1197675343951021,-0.40642811818402497
0.9712301089555737,0.13272005477357798,1.5061543622687612,0.9201370918610848,0.7203423995785847,-0.6248595347774147,-0.0328143452772019,-0.07343133677478707,1.143359140530107,1.2528069045354944,0.6452216460403022,0.0118427263837883,0.35133570343636045,1.7953706827748732,-0.02623529886139541,0.11371900695708921,0.2753919367313525,-0.21566554640687685,-2.3852021275332596,3.1622776601683795,-0.1197675343951021,0.12597263603936143
0.9712301089555737,-1.0404304293857267,1.5061543622687612,0.9201370918610848,-1.1058777683671228,1.6003596718040265,0.19527597025172694,-0.018412805539228017,-0.4153481735013371,-0.4954886112516066,-0.48160380980487,-0.0806200953005514,0.01438344721967484,-0.48089151683729275,-0.07328773703672413,0.024236117910933642,-0.21741219174556417,4.636809247747853,-2.3852021275332596,-0.31622776601683794,-0.1197675343951021,-0.007783218469962257
0.9377473640485768,-1.0404304293857267,1.5061543622687612,0.42720650693550355,0.4920648785853713,-0.6248595347774147,-0.2965218408464173,-0.20590402200682065,1.1757899819143762,1.441659007469806,5.309082404436648,-0.056192180975584385,0.05910241949534607,2.217383502889083,-0.02623529886139541,-0.47254819713841284,-0.5694151406576475,-0.21566554640687685,0.419251680374017,-0.31622776601683794,-0.1197675343951021,-0.46674938590391607
0.9377473640485768,-1.0404304293857267,1.5061543622687612,0.42720650693550355,-1.1058777683671228,1.6003596718040265,-0.49930290405607847,-0.33201843358191463,-0.8035048063193105,-0.7861172966056071,-0.6261964567938523,-0.24305072888839488,-0.6843504945876883,-0.8360992187094848,-0.02623529886139541,-0.4632913465474312,-0.40514709783200864,4.636809247747853,-2.3852021275332596,-0.31622776601683794,-0.1197675343951021,-0.44052274776483297
0.9377473640485768,-1.0404304293857267,1.5061543622687612,-0.0657240779900777,0.7203423995785847,-0.6248595347774147,-0.4274105911422488,-0.2785959587949343,-0.5795293080092005,-0.5520311570403227,-0.4551782570792974,-0.16051903744803905,-0.39094723753481037,-0.5265145244172074,-0.35560236608869644,-0.40775024300154156,-0.3816802345712031,-0.21566554640687685,0.419251680374017,-0.31622776601683794,-0.1197675343951021,-0.40905078199793327
0.9377473640485768,-1.0404304293857267,1.5061543622687612,-0.0657240779900777,-1.1058777683671228,1.6003596718040265,-0.2658173752944461,-0.218438904359073,-0.7305354132047046,-0.7307056017326654,-0.5997709040682796,-0.16966700809224566,-0.4094068132997677,-0.7758116729788833,-0.16739261338738157,-0.37689407436493616,-0.40514709783200864,4.636809247747853,-2.3852021275332596,-0.31622776601683794,-0.1197675343951021,-0.37495615241712527
0.9377473640485768,-1.0404304293857267,1.5061543622687612,-0.5586546629156589,0.7203423995785847,-0.6248595347774147,0.1117598239503653,0.009797167787683629,2.680783714903124,3.007887525817241,1.6832971323543058,0.1240844937050556,0.8120451154857176,3.910322962729484,-0.16739261338738157,-0.015876901316653338,0.2049913469489358,-0.21566554640687685,-2.3852021275332596,3.1622776601683795,-0.1197675343951021,8.477297176266535e-05
0.9377473640485768,-1.0404304293857267,1.5061543622687612,-0.5586546629156589,-1.3341552893603363,-0.6248595347774147,-0.5308846400523917,-0.34225655177645614,-0.841002966669872,-0.8155194204157395,-0.648134651509422,-0.2434339772031795,-0.7099599060362558,-0.875204653777983,-0.07328773703672413,-0.4972331320476971,-0.45208082435361974,4.636809247747853,-2.3852021275332596,-0.31622776601683794,-0.1197675343951021,-0.47724004115954927
0.9377473640485768,-1.0404304293857267,1.5061543622687612,-1.0515852478412402,0.7203423995785847,-0.6248595347774147,-0.44925462520636544,-0.29232463946644877,-0.5967581924945936,-0.5893492372608753,-0.4865897631493176,-0.17629887023504026,-0.4452859887302481,-0.5444378488236024,-0.35560236608869644,-0.3151817370917254,-0.28781278152798084,-0.21566554640687685,0.419251680374017,-0.31622776601683794,-0.1197675343951021,-0.3198802123250508
0.9377473640485768,-1.0404304293857267,1.5061543622687612,-1.0515852478412402,-1.3341552893603363,-0.6248595347774147,-0.5479475501948442,-0.34727829035856966,-0.8541779959822314,-0.8234353768261597,-0.6615967255394306,-0.23350284695919563,-0.6804505842148099,-0.876834046905837,-0.3085499279133677,-0.5157468332296603,-0.6163488671792586,4.636809247747853,-2.3852021275332596,-0.31622776601683794,-0.1197675343951021,-0.5244479898098988
0.9377473640485768,0.13272005477357798,1.2032098643723625,-1.5445158327668214,0.2637873575921578,-0.6248595347774147,-0.5395257539291607,-0.3464867501686241,-0.8298548649440294,-0.8358747368996773,-0.6635911068772097,-0.24333399938193134,-0.7032000613899334,-0.875204653777983,-0.3085499279133677,-0.404664626137881,-0.4286139610928142,-0.21566554640687685,0.419251680374017,-0.31622776601683794,-0.1197675343951021,-0.40905078199793327
0.9362647332777874,-1.0404304293857267,1.2032098643723625,-1.5445158327668214,-1.1058777683671228,1.6003596718040265,0.4921442886170712,0.13323850921312544,-0.20353424071032816,-0.3812726687584001,-0.2806698900236291,-0.013068414077211496,0.2556579022884127,-0.2658116239605527,0.7736561501191928,0.32662657054966626,0.017256440862491364,-0.21566554640687685,0.419251680374017,-0.31622776601683794,-0.1197675343951021,0.3226724220824845
0.9362647332777874,-1.0404304293857267,1.2032098643723625,1.4130676767866661,0.2637873575921578,-0.6248595347774147,-0.40065384258981673,-0.2719522116268668,-0.5795293080092005,-0.7046960306698561,-0.5793284953560442,-0.1999936138708541,-0.5108044829946036,-0.5998372151706415,0.06786957748926203,0.0705203708658417,0.08765703064490803,-0.21566554640687685,0.419251680374017,-0.31622776601683794,-0.1197675343951021,0.07351935976119527
0.9362647332777874,-1.0404304293857267,1.2032098643723625,1.4130676767866661,-1.1058777683671228,-0.6248595347774147,-0.486582482613119,-0.31684940928607297,-0.6991180356136937,-0.7035651797540817,-0.5110209345371112,-0.21687320269158508,-0.5976424872973606,-0.6731599059240756,-0.16739261338738157,-0.3552947563193124,-0.19394532848475862,-0.21566554640687685,0.419251680374017,-0.31622776601683794,-0.1197675343951021,-0.33299353139459237
0.9362647332777874,-1.0404304293857267,1.2032098643723625,0.9201370918610848,0.4920648785853713,-0.6248595347774147,-0.5089528789438409,-0.3295270283938893,-0.6758083683687501,-0.6685088013650777,-0.49506588383487865,-0.2316032683554806,-0.6670608919345944,-0.715524127248282,-0.16739261338738157,-0.3491235225919913,-0.33474650804959194,-0.21566554640687685,0.419251680374017,-0.31622776601683794,-0.1197675343951021,-0.3434841866502256
0.9362647332777874,-1.0404304293857267,1.2032098643723625,0.9201370918610848,-1.3341552893603363,1.6003596718040265,0.10474166039562903,0.02715914769173505,-0.4741290735103253,-0.4446003200417621,-0.4422147783837334,0.07531197990616169,0.38045503422051846,-0.40919821921171273,-0.261497489738039,-0.35220913945565185,-0.3112796447887864,-0.21566554640687685,-2.3852021275332596,-0.31622776601683794,8.34950811211569,-0.3487295142780422
0.9362647332777874,-1.0404304293857267,1.2032098643723625,0.42720650693550355,0.7203423995785847,-0.6248595347774147,-0.3603871291945174,-0.2516316880620353,-0.5916908735283015,-0.6786864596070467,-0.5608804679815879,-0.19896050971795645,-0.5040446383482813,-0.609613573937766,-0.261497489738039,-0.04673306995325871,0.6273948856434358,-0.21566554640687685,0.419251680374017,-0.31622776601683794,-0.1197675343951021,0.01582075585521251
0.9362647332777874,-1.0404304293857267,1.2032098643723625,0.42720650693550355,-1.1058777683671228,-0.6248595347774147,-0.5036892562777886,-0.32454421801783867,-0.7720874287282996,-0.7612385764585721,-0.6276922427971865,-0.2206390339585991,-0.6162320600747472,-0.7823292454902997,-0.35560236608869644,-0.4293495610471653,-0.33474650804959194,-0.21566554640687685,0.419251680374017,-0.31622776601683794,-0.1197675343951021,-0.4221641010674748
0.9362647332777874,-1.0404304293857267,1.2032098643723625,-0.0657240779900777,0.4920648785853713,-0.6248595347774147,-0.5163219506763139,-0.3306948745757762,-0.7062122821665026,-0.7137428379960506,-0.547916989286024,-0.22875390044990804,-0.6609510323504184,-0.7269298791432606,-0.2144450515627103,-0.31826735395538597,-0.3816802345712031,-0.21566554640687685,0.419251680374017,-0.31622776601683794,-0.1197675343951021,-0.32512553995286747
0.9362647332777874,-1.0404304293857267,1.2032098643723625,-0.0657240779900777,-1.1058777683671228,1.6003596718040265,0.5721513531410647,0.7140473436715271,-0.5126406976541451,-0.5656013680296145,-0.4681417357748613,0.3119428198303477,0.39917460401033433,-0.5721375319971219,-0.16739261338738157,-0.12387349154477213,-0.24087905500636975,-0.21566554640687685,0.419251680374017,-0.31622776601683794,-0.1197675343951021,-0.14153907297928595
0.9273689486530502,-1.0404304293857267,1.2032098643723625,-0.5586546629156589,0.7203423995785847,1.6003596718040265,-0.13545498726521987,-0.02473215099010473,-0.5166945528271788,-0.5305449896406106,-0.4162878209926056,-0.030831140318967873,-0.2003716173134905,-0.48089151683729275,0.020817139313933312,-0.24112693236387253,-0.3112796447887864,-0.21566554640687685,0.419251680374017,-0.31622776601683794,-0.1197675343951021,-0.23857763409389332
0.9273689486530502,-1.0404304293857267,1.2032098643723625,-0.5586546629156589,-1.3341552893603363,1.6003596718040265,1.6178577227967692,1.7475003821605908,-0.3008267648631361,-0.32925352663278135,-0.2362949052580449,0.6288058613061819,0.7881256651987306,-0.4368979023852323,0.020817139313933312,-0.10844540722646945,-0.40514709783200864,-0.21566554640687685,0.419251680374017,-0.31622776601683794,-0.1197675343951021,-0.13629374535146932
0.9273689486530502,-1.0404304293857267,1.2032098643723625,-1.0515852478412402,0.4920648785853713,1.6003596718040265,0.6458420704657956,0.22709441403076663,-0.1265109924226885,-0.169803547508602,-0.0787387795734987,-0.04707753627179383,0.10590134396988574,-0.3358755284582786,0.11492201566459075,-0.0004488169983506539,-0.33474650804959194,-0.21566554640687685,0.419251680374017,-0.31622776601683794,-0.1197675343951021,-0.03138719279513702
0.9273689486530502,-1.0404304293857267,1.2032098643723625,-1.0515852478412402,-1.1058777683671228,1.6003596718040265,0.5784677003403274,0.6754175871884471,-0.39102504246313513,-0.5305449896406106,-0.44171618304928867,0.1658418970463703,0.1454204357483859,-0.48740908934870913,-0.16739261338738157,0.12297585754807082,-0.12354473870234196,-0.21566554640687685,0.419251680374017,-0.31622776601683794,-0.1197675343951021,0.08138735120292019
0.9273689486530502,-1.0404304293857267,1.2032098643723625,-1.5445158327668214,0.4920648785853713,-0.6248595347774147,-0.5121549160656893,-0.31950950336703754,-0.7041853545799858,-0.7035651797540817,-0.5823200673627128,-0.21354060864997976,-0.6344316418148459,-0.7057477684811574,-0.261497489738039,-0.3676372237739546,-0.4755476876144253,-0.21566554640687685,0.419251680374017,-0.31622776601683794,-0.1197675343951021,-0.3802014800449419
0.9273689486530502,-1.0404304293857267,1.2032098643723625,-1.5445158327668214,-1.1058777683671228,-0.6248595347774147,-0.46548412842669307,-0.307402831281477,-0.5785158442159422,-0.5723864735242604,-0.39135805427036724,-0.20639219443073634,-0.5529235150216893,-0.5444378488236024,0.5383939592425492,-0.3151817370917254,-0.10007787544153642,-0.21566554640687685,0.419251680374017,-0.31622776601683794,-0.1197675343951021,-0.24906828934952654
0.9273689486530502,-1.0404304293857267,1.2032098643723625,1.4130676767866661,0.7203423995785847,-0.6248595347774147,-0.5210592110757609,-0.3339648438850594,-0.7396565873440304,-0.732967303564214,-0.6017652854060587,-0.22685432184619303,-0.6501612803187884,-0.7383356310382393,-0.35560236608869644,-0.404664626137881,-0.4755476876144253,-0.21566554640687685,0.419251680374017,-0.31622776601683794,-0.1197675343951021,-0.4169187734396582
0.9273689486530502,-1.0404304293857267,1.2032098643723625,1.4130676767866661,-1.1058777683671228,1.6003596718040265,1.729446523317076,0.8295992353348888,0.6579099835593256,0.2158166147704416,0.021478882649899358,0.2621038759381401,1.0751590686425738,0.439715600400269,0.585446397417878,1.5979007183778076,1.0028646978163247,-0.21566554640687685,0.419251680374017,-0.31622776601683794,-0.1197675343951021,1.502871138341223
0.9273689486530502,-1.0404304293857267,1.2032098643723625,0.9201370918610848,0.7203423995785847,-0.6248595347774147,-0.520225804153636,-0.3369363636145271,-0.7254680942384125,-0.7193970925749222,-0.6102414060916197,-0.23400273606543642,-0.6632909785741453,-0.7220416997596983,-0.35560236608869644,-0.38923654181957834,-0.24087905500636975,-0.21566554640687685,0.419251680374017,-0.31622776601683794,-0.1197675343951021,-0.3775788162310336
0.9093302742751109,-1.0404304293857267,1.2032098643723625,0.9201370918610848,-1.1058777683671228,-0.6248595347774147,-0.479257274402863,-0.3103613749422571,-0.5744619890429085,-0.5836949826820036,-0.4556768524137421,-0.22293852384730675,-0.6319616985786897,-0.5525848144628728,-0.02623529886139541,-0.29358241904610166,0.017256440862491364,-0.21566554640687685,0.419251680374017,-0.31622776601683794,-0.1197675343951021,-0.24906828934952654
0.9093302742751109,-1.0404304293857267,1.2032098643723625,0.42720650693550355,0.4920648785853713,1.6003596718040265,1.1104444977893368,0.9497576313823598,-0.3433922441799896,-0.38918862516882036,-0.3644339062103499,0.37304593158318133,0.6175695848915194,-0.4531918336637732,-0.02623529886139541,-0.10227417349914837,-0.4286139610928142,-0.21566554640687685,0.419251680374017,-0.31622776601683794,-0.1197675343951021,-0.13629374535146932
0.9093302742751109,-1.0404304293857267,1.2032098643723625,0.42720650693550355,-1.1058777683671228,1.6003596718040265,3.8047174864525917,2.4731091671042766,1.189978475019994,1.0526462924434394,0.451268060941288,0.7122040271973551,1.5909872139619445,0.4413449935281231,0.44428908289189173,0.8326677361899945,1.3314007834676025,-0.21566554640687685,-2.3852021275332596,-0.31622776601683794,8.34950811211569,0.881299814444954
0.9093302742751109,1.3058705389328826,1.2032098643723625,-0.0657240779900777,0.7203423995785847,-0.6248595347774147,-0.21809386312223947,-0.17511181101107026,0.08023562140202839,0.04845067923584202,-0.13607724303464683,-0.12254412834394639,-0.18997185631914837,0.20508298998927982,-0.2144450515627103,0.1445751755936946,0.3927262530353802,-0.21566554640687685,-2.3852021275332596,3.1622776601683795,-0.1197675343951021,0.1548219379923528
0.9093302742751109,-1.0404304293857267,1.2032098643723625,-0.0657240779900777,-1.3341552893603363,1.6003596718040265,-0.11334777206780063,0.2101736204620947,-0.3768365493575173,-0.43668436363134183,-0.353464808852565,-0.05297622772543525,-0.30176928700832645,-0.28699373462265587,0.30313176836590566,-0.022048135043974414,0.4631268428177969,-0.21566554640687685,0.419251680374017,-0.31622776601683794,-0.1197675343951021,0.049915385436020504
0.9093302742751109,-1.0404304293857267,1.2032098643723625,-0.5586546629156589,0.7203423995785847,-0.6248595347774147,-0.021234375411887052,0.004905189892446421,-0.4153481735013371,-0.391450327000369,-0.3783945755748033,0.16172614340498773,0.6654084854654932,-0.272329196471969,-0.261497489738039,-0.24729816609119362,-0.33474650804959194,-0.21566554640687685,-2.3852021275332596,-0.31622776601683794,8.34950811211569,-0.26218160841906807
0.9093302742751109,-1.0404304293857267,1.2032098643723625,-0.5586546629156589,-1.3341552893603363,1.6003596718040265,1.0241210860660805,0.5028618257803188,0.22617440763124033,0.004347493520643491,-0.04234132015903075,0.08637619212429136,0.5510111145277297,0.17901269994361435,0.585446397417878,0.715414295370894,1.096732150859547,-0.21566554640687685,0.419251680374017,-0.31622776601683794,-0.1197675343951021,0.7632799428190801
0.9093302742751109,-1.0404304293857267,1.2032098643723625,-0.5586546629156589,-1.3341552893603363,-0.6248595347774147,-0.5614575150377116,-0.35638749057728725,-0.9220800701305453,-0.8901555808568448,-0.7014843522950119,-0.24201762473549723,-0.7037200494396505,-0.9729682414492284,-0.35560236608869644,-0.5527742355935867,-0.6398157304400641,-0.21566554640687685,0.419251680374017,-0.31622776601683794,-0.1197675343951021,-0.5611652832046151
0.8650984562798899,-1.0404304293857267,1.2032098643723625,-1.5445158327668214,0.4920648785853713,-0.6248595347774147,0.392837274317553,0.3786808484396819,-0.49541181316875205,-0.486441803925412,-0.44071899238039913,-0.06998912030783043,-0.21753122295415506,-0.573766925124976,-0.16739261338738157,-0.2904968021824411,-0.45208082435361974,-0.21566554640687685,0.419251680374017,-0.31622776601683794,-0.1197675343951021,-0.3067668932555093
0.8650984562798899,0.13272005477357798,1.2032098643723625,-1.5445158327668214,-1.1058777683671228,-0.6248595347774147,-0.5519391307166005,-0.3514306323386119,-0.719387311478862,-0.7205279434906965,-0.6057540480816168,-0.2498158947928537,-0.7327093832113792,-0.7497413829332179,-0.35560236608869644,-0.3799796912285967,-0.45208082435361974,-0.21566554640687685,0.419251680374017,-0.31622776601683794,-0.1197675343951021,-0.39331479911448347
0.8650984562798899,-1.0404304293857267,1.2032098643723625,1.4130676767866661,0.9486199205717981,-0.6248595347774147,-0.4506582579173127,-0.27670145276654,-0.27244977865190045,-0.1856354603294425,0.3286136086678755,-0.16793405919061088,-0.44424601263081387,-0.026290834166001194,-0.261497489738039,-0.4632913465474312,-0.4755476876144253,-0.21566554640687685,0.419251680374017,-0.31622776601683794,-0.1197675343951021,-0.4615040582760994
0.8650984562798899,0.13272005477357798,1.2032098643723625,1.4130676767866661,-1.1058777683671228,-0.6248595347774147,-0.23248109840944883,-0.1561018703836896,1.3865904509121267,1.6180717503306001,0.6990699421603369,-0.024965774805742504,0.09134167857780673,2.4194282507429903,-0.261497489738039,-0.28741118531878057,-0.33474650804959194,-0.21566554640687685,-2.3852021275332596,3.1622776601683795,-0.1197675343951021,-0.29627623799987607
0.8650984562798899,1.3058705389328826,1.2032098643723625,0.9201370918610848,0.4920648785853713,-0.6248595347774147,-0.35257942223987326,-0.24309343486557355,-0.27346324244515885,-0.5011428658304782,-0.4556768524137421,-0.1976108091311063,-0.5217242320386629,-0.30328766590119677,0.49134152106722045,0.5889040039608119,0.6039280223826302,-0.21566554640687685,0.419251680374017,-0.31622776601683794,-0.1197675343951021,0.5954294587289485
0.8650984562798899,-1.0404304293857267,1.2032098643723625,0.9201370918610848,-1.1058777683671228,-0.6248595347774147,-0.4143392615215525,-0.268137247432703,-0.4791963924766174,-0.5633396661980659,-0.4960630745037682,-0.22037242643527066,-0.6395015252995877,-0.50370302062725,-0.12034017521205286,0.03349296850191525,0.6977954754258524,-0.21566554640687685,0.419251680374017,-0.31622776601683794,-0.1197675343951021,0.09974599790027834
0.8650984562798899,1.3058705389328826,1.2032098643723625,0.42720650693550355,0.4920648785853713,1.6003596718040265,-0.4864508920464677,-0.3121780245585255,-0.6139870769799868,-0.6345832738918481,-0.521990031894896,-0.22075567475005528,-0.6231219017334988,-0.6161311464491823,-0.261497489738039,-0.24112693236387253,-0.19394532848475862,-0.21566554640687685,0.419251680374017,-0.31622776601683794,-0.1197675343951021,-0.24120029790780162
0.8650984562798899,1.3058705389328826,1.2032098643723625,0.42720650693550355,-1.3341552893603363,-0.6248595347774147,-0.3217872296434679,-0.21754355561962643,-0.7376296597575135,-0.7872481475213815,-0.6406557214927505,-0.15608668737270395,-0.4296863472387349,-0.7464825966775097,-0.261497489738039,-0.24729816609119362,-0.2643459182671753,-0.21566554640687685,-2.3852021275332596,3.1622776601683795,-0.1197675343951021,-0.25431361697734317
0.8650984562798899,-1.0404304293857267,1.2032098643723625,-0.0657240779900777,0.2637873575921578,1.6003596718040265,-0.5027681223112295,-0.3193797426801612,-0.5501388580047065,-0.5927417900081983,-0.47711645179486706,-0.21798962169552286,-0.6285817762555285,-0.5672493526135596,0.11492201566459075,-0.1207878746811116,-0.45208082435361974,-0.21566554640687685,0.419251680374017,-0.31622776601683794,-0.1197675343951021,-0.14678440060710254
0.8650984562798899,-1.0404304293857267,1.2032098643723625,-0.0657240779900777,-1.1058777683671228,-0.6248595347774147,0.31353202614903314,0.32338981976168263,-0.604865902840661,-0.651546037628463,-0.5469197986171344,-0.050960008330264026,-0.18113205947395755,-0.699230195969741,-0.261497489738039,-0.15164404331771697,0.08765703064490803,4.636809247747853,-2.3852021275332596,-0.31622776601683794,-0.1197675343951021,-0.13367108153756102
0.8650984562798899,1.3058705389328826,1.2032098643723625,-0.5586546629156589,0.4920648785853713,-0.6248595347774147,-0.4393414691853004,-0.28420162046799125,-0.3819038683238094,-0.5486386042929997,-0.47312768911930897,-0.2048092122609738,-0.5750230071346664,-0.3440224940975491,-0.2144450515627103,0.2803423175947582,0.25192507347054693,-0.21566554640687685,0.419251680374017,-0.31622776601683794,-0.1197675343951021,0.2544831629208685
0.8650984562798899,-1.0404304293857267,1.2032098643723625,-0.5586546629156589,-1.1058777683671228,-0.6248595347774147,-0.5481668678059297,-0.35060016394260346,-0.7244546304451541,-0.6956492233436614,-0.03336660413902495,-0.2617132555213847,-0.7736584421266014,-0.7676647073396129,-0.2144450515627103,-0.46020572968377066,-0.49901455087523083,-0.21566554640687685,0.419251680374017,-0.31622776601683794,-0.1197675343951021,-0.4588813944621911
0.8578088549901747,-1.0404304293857267,1.2032098643723625,-1.0515852478412402,0.7203423995785847,1.6003596718040265,-0.4864508920464677,-0.30884317490580415,-0.5602734959372907,-0.5893492372608753,-0.47013611711264036,-0.20674211680510488,-0.5932225888747652,-0.5330320969286237,-0.261497489738039,-0.22261323118190932,-0.24087905500636975,-0.21566554640687685,0.419251680374017,-0.31622776601683794,-0.1197675343951021,-0.2307096426521684
0.8578088549901747,-1.0404304293857267,1.2032098643723625,-1.0515852478412402,-1.1058777683671228,-0.6248595347774147,0.4689843488864415,0.09580255104930754,-0.08293204931257663,-0.27158012992829095,-0.2871516293714111,-0.0406789557119116,0.19221936022292557,-0.1794537881842858,0.25607933019057694,0.46856494627805095,1.1671327406419636,-0.21566554640687685,0.419251680374017,-0.31622776601683794,-0.1197675343951021,0.5429761824507823
0.8578088549901747,0.13272005477357798,1.2032098643723625,-1.5445158327668214,0.2637873575921578,-0.6248595347774147,-0.5179887645205637,-0.3284500146928159,-0.6484448459507729,-0.6605928449546575,-0.5469197986171344,-0.2287372374797,-0.6690108471210335,-0.6405720433669937,-0.35560236608869644,-0.3120961202280649,-0.33474650804959194,-0.21566554640687685,0.419251680374017,-0.31622776601683794,-0.1197675343951021,-0.32250287613895917
0.8578088549901747,1.3058705389328826,1.2032098643723625,-1.5445158327668214,-1.1058777683671228,-0.6248595347774147,-0.40775973318898723,-0.2667098798770635,-0.3241364321080797,-0.5113205240724471,-0.4526852804070735,-0.17854837121312384,-0.45568574972459025,-0.2755879827276772,0.06786957748926203,0.3759964403682349,0.11112389390571359,-0.21566554640687685,0.419251680374017,-0.31622776601683794,-0.1197675343951021,0.33578574115202603
0.8578088549901747,1.3058705389328826,1.2032098643723625,1.4130676767866661,0.2637873575921578,-0.6248595347774147,-0.5177255833872612,-0.33242069171123123,-0.6251351787058294,-0.6651162486177548,-0.5668636119949251,-0.2390516160384685,-0.6827905304385369,-0.6210193258327447,-0.261497489738039,-0.21027076372726716,-0.2643459182671753,-0.21566554640687685,0.419251680374017,-0.31622776601683794,-0.1197675343951021,-0.22284165121044347
0.8578088549901747,0.13272005477357798,1.2032098643723625,1.4130676767866661,-0.8776002473739094,-0.6248595347774147,-0.5001363109782034,-0.3232855393551384,-0.6190543959462788,-0.6685088013650777,-0.5618776586504773,-0.2311033792492398,-0.6547111757538131,-0.6030960014263497,-0.261497489738039,-0.17015774449968019,-0.12354473870234196,-0.21566554640687685,0.419251680374017,-0.31622776601683794,-0.1197675343951021,-0.17301103874618562
0.8578088549901747,1.3058705389328826,0.9002653664759641,0.9201370918610848,0.4920648785853713,-0.6248595347774147,-0.4797836366694682,-0.3128917083363453,-0.5430446114518976,-0.6187513610710076,-0.5314633432493466,-0.2232051313706352,-0.6298817463798212,-0.5232557381614992,-0.12034017521205286,-0.08067485545352461,-0.006210422398314191,-0.21566554640687685,0.419251680374017,-0.31622776601683794,-0.1197675343951021,-0.07597247763157824
0.8578088549901747,-1.0404304293857267,0.9002653664759641,0.9201370918610848,-1.1058777683671228,-0.6248595347774147,-0.5670281823592835,-0.3543632238620167,-0.6109466856002115,-0.584825833597778,0.4946458550379827,-0.26048019572599074,-0.7718384839525916,-0.6422014364948478,-0.2144450515627103,-0.3954077755468994,-0.3816802345712031,-0.21566554640687685,0.419251680374017,-0.31622776601683794,-0.1197675343951021,-0.3906921353005751
0.8578088549901747,0.13272005477357798,0.9002653664759641,0.42720650693550355,0.7203423995785847,-0.6248595347774147,-0.4916706511903028,-0.31956140764178803,-0.617027468359762,-0.6628545467862061,-0.5598832773126983,-0.22975367866238966,-0.6525012265425154,-0.609613573937766,-0.3085499279133677,-0.197928296272625,-0.029677285659119746,-0.21566554640687685,0.419251680374017,-0.31622776601683794,-0.1197675343951021,-0.18874702162963547
0.8553995799876417,0.13272005477357798,0.9002653664759641,0.42720650693550355,-1.1058777683671228,1.6003596718040265,-0.06843152531748849,-0.06410154338837977,1.2325439543368475,1.3138728539873077,0.5734239178802558,-0.017767371675875002,0.12930080620715556,1.7057540607428983,-0.02623529886139541,0.40376699214117967,0.7916629284690747,-0.21566554640687685,-2.3852021275332596,3.1622776601683795,-0.1197675343951021,0.4302016384527251
0.8553995799876417,-1.0404304293857267,0.9002653664759641,-0.0657240779900777,0.4920648785853713,-0.6248595347774147,-0.054921560474621156,-0.10334117509977848,-0.1437398769080816,-0.299851402822649,-0.2716951740036233,-0.060724508872167626,0.15062031624555697,-0.0637668761066453,0.20902689201524818,0.4593080956870694,1.472201963032436,-0.21566554640687685,0.419251680374017,-0.31622776601683794,-0.1197675343951021,0.5665801567759571
0.8553995799876417,-1.0404304293857267,0.9002653664759641,-0.0657240779900777,0.2637873575921578,1.6003596718040265,-0.5557991206717054,-0.3555959503873417,-0.9018107942653769,-0.8675385625413583,-0.6835349202550004,-0.2459834116450076,-0.7177597267820124,-0.9485273445314171,-0.35560236608869644,-0.5527742355935867,-0.6398157304400641,-0.21566554640687685,0.419251680374017,-0.31622776601683794,-0.1197675343951021,-0.5611652832046151
0.8553995799876417,0.13272005477357798,0.9002653664759641,-0.0657240779900777,-1.1058777683671228,-0.6248595347774147,2.406699306349126,0.9744381140262356,1.7200200388941458,0.590128267891742,0.26230042918672153,0.31310922774490957,1.7157843458940503,1.205530370491692,0.8677610264698502,4.091079144215521,1.5895362793364636,-0.21566554640687685,0.419251680374017,-0.31622776601683794,-0.1197675343951021,3.7032860782102928
0.8553995799876417,1.3058705389328826,0.9002653664759641,-0.5586546629156589,0.4920648785853713,-0.6248595347774147,-0.5402714338068515,-0.3462402048635591,-0.6474313821575145,-0.6323215720602995,-0.5419338452726867,-0.24478367779002966,-0.7180197208068709,-0.6666423334126592,-0.261497489738039,-0.35838037318297294,-0.3112796447887864,-0.21566554640687685,0.419251680374017,-0.31622776601683794,-0.1197675343951021,-0.3539748419058588
0.8553995799876417,-1.0404304293857267,0.9002653664759641,-0.5586546629156589,-0.8776002473739094,-0.6248595347774147,-0.5544393514829753,-0.3544151281367672,-0.7122930649260532,-0.6617236958704318,-0.246765407281385,-0.24586677085355138,-0.7055400076136603,-0.7204123066318442,-0.35560236608869644,-0.5126612163659998,-0.5459482773968419,-0.21566554640687685,0.419251680374017,-0.31622776601683794,-0.1197675343951021,-0.5165799983681739
0.8553995799876417,-1.0404304293857267,0.9002653664759641,-1.0515852478412402,0.7203423995785847,1.6003596718040265,-0.49930290405607847,-0.31642119901938115,-0.5775023804226838,-0.5531620079560969,-0.4706347124470851,-0.20714202809009752,-0.5902326575888918,-0.5688787457414137,-0.16739261338738157,-0.37072284063761507,-0.4286139610928142,-0.21566554640687685,0.419251680374017,-0.31622776601683794,-0.1197675343951021,-0.37233348860321697
0.8553995799876417,-1.0404304293857267,0.9002653664759641,-1.0515852478412402,-0.8776002473739094,-0.6248595347774147,2.461440982076069,1.0625845486213188,2.319990604503128,2.0624961602299083,1.6733252256654105,0.4458131224816336,1.8156220514397348,1.5118562785282614,1.62060003727511,2.393989869202226,2.622078262811908,-0.21566554640687685,0.419251680374017,-0.31622776601683794,-0.1197675343951021,2.4181808093952224
0.8553995799876417,1.3058705389328826,0.9002653664759641,-1.5445158327668214,0.7203423995785847,-0.6248595347774147,-0.4541673396946808,-0.29372605488471304,-0.48122332006313423,-0.5361992442194822,-0.4681417357748613,-0.2180229476359389,-0.6176620272114692,-0.46622697868660595,0.06786957748926203,0.00572241672897042,0.11112389390571359,-0.21566554640687685,0.419251680374017,-0.31622776601683794,-0.1197675343951021,0.021066083483029123
0.8378551158666323,0.13272005477357798,0.9002653664759641,-1.5445158327668214,-0.8776002473739094,-0.6248595347774147,-0.19844300516897792,-0.13366624762277413,0.20793205935258885,0.2576580986540915,0.042918482031024316,-0.014967992680926532,0.12670086595857002,0.5977667338021159,0.44428908289189173,0.042749819092896865,0.017256440862491364,-0.21566554640687685,-2.3852021275332596,3.1622776601683795,-0.1197675343951021,0.06302870450556204
0.8378551158666323,1.3058705389328826,0.9002653664759641,1.4130676767866661,0.2637873575921578,-0.6248595347774147,-0.5089090154216237,-0.3294361959130759,-0.6150005407732452,-0.641368379386494,-0.5489141799549134,-0.22988698242405387,-0.6444414117719002,-0.5965784289149333,-0.02623529886139541,-0.16707212763601964,-0.2643459182671753,-0.21566554640687685,0.419251680374017,-0.31622776601683794,-0.1197675343951021,-0.17301103874618562
0.8378551158666323,0.13272005477357798,0.9002653664759641,1.4130676767866661,-1.1058777683671228,-0.6248595347774147,-0.006847140124677696,-0.030999592166230914,1.7605585906244825,1.9969068071149978,0.9817734967905195,0.05468322278862474,0.49277245295941363,2.6687253993046665,-0.16739261338738157,0.11680462382074976,0.5335274326002136,-0.21566554640687685,-2.3852021275332596,3.1622776601683795,-0.1197675343951021,0.14957661036453618
0.8378551158666323,-1.0404304293857267,0.9002653664759641,0.9201370918610848,0.4920648785853713,-0.6248595347774147,-0.5419382476511013,-0.33999871582480823,-0.5967581924945936,-0.5429843497141281,0.09626818281661433,-0.23858505287264375,-0.6723907694441947,-0.5639905663578514,-0.261497489738039,-0.46637696341109175,-0.5459482773968419,-0.21566554640687685,0.419251680374017,-0.31622776601683794,-0.1197675343951021,-0.47199471353173267
0.8378551158666323,0.13272005477357798,0.9002653664759641,0.9201370918610848,-0.8776002473739094,-0.6248595347774147,-0.5088212883771895,-0.32890417709688297,-0.6241217149125708,-0.6402375284707197,-0.549911370623803,-0.23375279151231604,-0.6605610413131305,-0.6161311464491823,-0.16739261338738157,-0.19175706254530395,-0.21741219174556417,-0.21566554640687685,0.419251680374017,-0.31622776601683794,-0.1197675343951021,-0.1966150130713604
0.8320481453477067,0.13272005477357798,0.9002653664759641,-1.5445158327668214,-1.1058777683671228,1.6003596718040265,-0.517637856342827,-0.334613647319441,-0.5653408149035828,-0.5542928588718713,-0.496561669838213,-0.228104044611795,-0.6421014655481733,-0.502073627499396,-0.261497489738039,-0.30901050336440433,-0.2643459182671753,-0.21566554640687685,0.419251680374017,-0.31622776601683794,-0.1197675343951021,-0.3067668932555093
0.8320481453477067,-1.0404304293857267,0.9002653664759641,1.4130676767866661,1.1768974415650115,-0.6248595347774147,-0.5454911929506866,-0.35175503405580266,-0.5643273511103243,-0.5067971204093498,-0.5045391951893292,-0.23936821247242102,-0.6743407246306339,-0.46785637181446005,-0.35560236608869644,-0.5064899826386787,-0.592882003918453,-0.21566554640687685,0.419251680374017,-0.31622776601683794,-0.1197675343951021,-0.5165799983681739
0.8320481453477067,-1.0404304293857267,0.9002653664759641,1.4130676767866661,0.9486199205717981,1.6003596718040265,-0.5796608767578088,-0.3670797711758959,-0.6119601493934699,-0.5486386042929997,-0.5180012692193379,-0.2585139652414436,-0.773008457064455,-0.5444378488236024,-0.35560236608869644,-0.5404317681389447,-0.592882003918453,-0.21566554640687685,0.419251680374017,-0.31622776601683794,-0.1197675343951021,-0.5454293003211653
0.8320481453477067,-1.0404304293857267,0.9002653664759641,1.4130676767866661,0.9486199205717981,-0.6248595347774147,0.797434403248099,0.3583343727374752,0.8950605111817951,0.7755878180787307,0.42883127089127354,0.6537336647373897,3.250789068658951,1.808405827797706,-0.3085499279133677,0.7771266326441046,-0.029677285659119746,-0.21566554640687685,0.419251680374017,-0.31622776601683794,-0.1197675343951021,0.6400147435653897
0.8320481453477067,-1.0404304293857267,0.9002653664759641,1.4130676767866661,0.7203423995785847,-0.6248595347774147,-0.5833454126240454,-0.36959712850129645,-0.6322294252586382,-0.5723864735242604,-0.5459226079482449,-0.26048019572599074,-0.7788583226237725,-0.573766925124976,-0.35560236608869644,-0.531174917547963,-0.6398157304400641,-0.21566554640687685,0.419251680374017,-0.31622776601683794,-0.1197675343951021,-0.5428066365072569
0.8320481453477067,-1.0404304293857267,0.9002653664759641,1.4130676767866661,0.4920648785853713,-0.6248595347774147,-0.5787397427912496,-0.36705381903852063,-0.5349369011058303,-0.46608648744147424,-0.45667404308263165,-0.2587139208839399,-0.7718384839525916,-0.4287509367459618,-0.35560236608869644,-0.531174917547963,-0.592882003918453,-0.21566554640687685,0.419251680374017,-0.31622776601683794,-0.1197675343951021,-0.5375613088794403
0.8166658511007653,-1.0404304293857267,0.9002653664759641,1.4130676767866661,0.4920648785853713,-0.6248595347774147,-0.5808451918576705,-0.36701489083245775,-0.6727679769889748,-0.6187513610710076,-0.5524043472960268,-0.2585306282116516,-0.7775583524994797,-0.6389426502391397,-0.35560236608869644,-0.5342605344116236,-0.592882003918453,-0.21566554640687685,0.419251680374017,-0.31622776601683794,-0.1197675343951021,-0.5401839726933486
0.8166658511007653,0.13272005477357798,0.9002653664759641,1.4130676767866661,0.2637873575921578,-0.6248595347774147,0.07842354706536801,0.008525513056295708,1.8304875923593131,2.091898284040041,0.9289223913393743,0.11110403991300287,0.6851680313547434,2.846329250240762,-0.07328773703672413,0.021150501047273104,0.29885879999215803,-0.21566554640687685,-2.3852021275332596,3.1622776601683795,-0.1197675343951021,0.0472927216221122
0.8166658511007653,-1.0404304293857267,0.9002653664759641,1.4130676767866661,0.03550983659894439,-0.6248595347774147,-0.5881704000679265,-0.37320447559645814,-0.6788487597485253,-0.6221439138183306,-0.5653678259915907,-0.2660289648052636,-0.7962779222892956,-0.6470896158784101,-0.3085499279133677,-0.5496886187299262,-0.592882003918453,-0.21566554640687685,0.419251680374017,-0.31622776601683794,-0.1197675343951021,-0.5506746279489819
0.8166658511007653,-1.0404304293857267,0.9002653664759641,1.4130676767866661,-0.19276768439426906,-0.6248595347774147,-0.5882581271123607,-0.3735288773136489,-0.7072257459597611,-0.6572002922073346,-0.5788299000215994,-0.266295572328592,-0.7956279372271492,-0.6894538372026165,-0.3085499279133677,-0.5435173850026052,-0.592882003918453,-0.21566554640687685,0.419251680374017,-0.31622776601683794,-0.1197675343951021,-0.5454293003211653
0.8166658511007653,-1.0404304293857267,0.9002653664759641,1.4130676767866661,-0.6493227263806959,-0.6248595347774147,-0.5856263157793347,-0.37133592170543916,-0.7001314994069521,-0.651546037628463,-0.5793284953560442,-0.2635795081846837,-0.7879581134938218,-0.681306871563346,-0.35560236608869644,-0.531174917547963,-0.592882003918453,-0.21566554640687685,0.419251680374017,-0.31622776601683794,-0.1197675343951021,-0.5375613088794403
0.8166658511007653,1.3058705389328826,0.9002653664759641,1.4130676767866661,-1.1058777683671228,-0.6248595347774147,-0.46767730453754813,-0.3011743183114137,-0.458927116611449,-0.5192364804828673,-0.46415297309930315,-0.22888720421157227,-0.645741381896193,-0.3733515703989227,-0.2144450515627103,0.05817790341119955,0.3223256632529636,-0.21566554640687685,0.419251680374017,-0.31622776601683794,-0.1197675343951021,0.07351935976119527
0.8166658511007653,-1.0404304293857267,0.9002653664759641,0.9201370918610848,1.1768974415650115,-0.6248595347774147,-0.5825558692241375,-0.36870177976184987,-0.7102661373395363,-0.6605928449546575,-0.5678608026638146,-0.26101341077264756,-0.7811982688474994,-0.6845656578190542,-0.35560236608869644,-0.525003683820642,-0.6163488671792586,-0.21566554640687685,0.419251680374017,-0.31622776601683794,-0.1197675343951021,-0.534938645065532
0.8166658511007653,-1.0404304293857267,0.9002653664759641,0.9201370918610848,1.1768974415650115,-0.6248595347774147,-0.5870299484902819,-0.37293197815401785,-0.7416835149305472,-0.6922566705963386,-0.5992723087338349,-0.2653957719373586,-0.791338035816983,-0.7301886653989688,-0.35560236608869644,-0.5404317681389447,-0.6163488671792586,-0.21566554640687685,0.419251680374017,-0.31622776601683794,-0.1197675343951021,-0.5480519641350736
0.8166658511007653,-1.0404304293857267,0.9002653664759641,0.9201370918610848,0.9486199205717981,-0.6248595347774147,-0.5822488245686178,-0.36783238315977856,-0.7305354132047046,-0.6775556086912723,-0.5853116393693814,-0.2580474020756188,-0.7736584421266014,-0.715524127248282,-0.35560236608869644,-0.5435173850026052,-0.6398157304400641,-0.21566554640687685,0.419251680374017,-0.31622776601683794,-0.1197675343951021,-0.5532972917628902
0.8166658511007653,-1.0404304293857267,0.9002653664759641,0.9201370918610848,0.7203423995785847,-0.6248595347774147,-0.57540611510275,-0.3657172839636946,-0.7295219494114462,-0.6820790123543696,-0.5878046160416053,-0.2568310052504329,-0.761698716983108,-0.7138947341204279,-0.35560236608869644,-0.5280893006843025,-0.592882003918453,-0.21566554640687685,0.419251680374017,-0.31622776601683794,-0.1197675343951021,-0.534938645065532
0.8166658511007653,-1.0404304293857267,0.9002653664759641,0.9201370918610848,0.2637873575921578,-0.6248595347774147,-0.4439910025403132,-0.2805164169607038,-0.05962238206763305,0.06654429388823117,0.6013452566091627,-0.152970711943803,-0.3735276378692873,0.26048235633631894,-0.35560236608869644,-0.531174917547963,-0.5694151406576475,-0.21566554640687685,0.419251680374017,-0.31622776601683794,-0.1197675343951021,-0.534938645065532
0.8166658511007653,-1.0404304293857267,0.9002653664759641,0.9201370918610848,0.2637873575921578,-0.6248595347774147,-0.5864158591792424,-0.37239995933782494,-0.7376296597575135,-0.6899949687647898,-0.5917933787171633,-0.2645292974865412,-0.7884781015435389,-0.7253004860154065,-0.3085499279133677,-0.531174917547963,-0.592882003918453,-0.21566554640687685,0.419251680374017,-0.31622776601683794,-0.1197675343951021,-0.534938645065532
0.8166658511007653,-1.0404304293857267,0.9002653664759641,0.9201370918610848,0.03550983659894439,-0.6248595347774147,-0.5867229038347621,-0.37015509945486463,-0.7224277028586372,-0.676424757775498,-0.5868074253727157,-0.2610633996832717,-0.7869181373943877,-0.7041183753533033,-0.35560236608869644,-0.5188324500933209,-0.6163488671792586,-0.21566554640687685,0.419251680374017,-0.31622776601683794,-0.1197675343951021,-0.5296933174377154
0.8166658511007653,-1.0404304293857267,0.9002653664759641,0.9201370918610848,-0.42104520538748247,-0.6248595347774147,-0.5775554276913879,-0.3671186993819588,-0.7224277028586372,-0.6922566705963386,-0.5917933787171633,-0.25936377672205296,-0.770148522791011,-0.7073771616090115,-0.261497489738039,-0.46637696341109175,-0.5459482773968419,-0.21566554640687685,0.419251680374017,-0.31622776601683794,-0.1197675343951021,-0.47199471353173267
0.8166658511007653,-1.0404304293857267,0.9002653664759641,0.9201370918610848,-1.3341552893603363,-0.6248595347774147,-0.4534655233392072,-0.2880425367995303,-0.5096003062743698,-0.4706098911045715,-0.38986226826703296,-0.16605114355710388,-0.4356662098104816,-0.38638671542175546,-0.35560236608869644,-0.3799796912285967,-0.3582133713103975,-0.21566554640687685,0.419251680374017,-0.31622776601683794,-0.1197675343951021,-0.3828241438588502
0.8166658511007653,-1.0404304293857267,0.9002653664759641,0.42720650693550355,0.4920648785853713,-0.6248595347774147,-0.4107424526997501,-0.2646337088870424,-0.7325623407912214,-0.7035651797540817,-0.5858102347038262,-0.16196871585613737,-0.4312463113878862,-0.7187829135039902,-0.35560236608869644,-0.45403449595644957,-0.2643459182671753,4.636809247747853,-2.3852021275332596,-0.31622776601683794,-0.1197675343951021,-0.43527742013701637
0.7931908638965977,-1.0404304293857267,0.9002653664759641,0.42720650693550355,0.03550983659894439,-0.6248595347774147,-0.5679493163258427,-0.35593332817322015,-0.7264815580316709,-0.6956492233436614,-0.5868074253727157,-0.24530022986647848,-0.7419391710938579,-0.7008595890975952,-0.16739261338738157,-0.45403449595644957,-0.5694151406576475,-0.21566554640687685,0.419251680374017,-0.31622776601683794,-0.1197675343951021,-0.4588813944621911
0.7931908638965977,0.13272005477357798,0.9002653664759641,0.42720650693550355,-1.1058777683671228,-0.6248595347774147,-0.22511202667697575,-0.16421191331345952,0.5606174594065176,0.7032133594691741,0.2523285224978262,-0.05129326773442456,0.04922264655072103,1.1045079965647384,-0.35560236608869644,-0.15472966018137752,-0.0531441489199253,-0.21566554640687685,-2.3852021275332596,3.1622776601683795,-0.1197675343951021,-0.15727505586273577
0.7931908638965977,-1.0404304293857267,0.9002653664759641,-0.0657240779900777,0.4920648785853713,1.6003596718040265,-0.43907828805199783,-0.27561146299677897,-0.5055464511013362,-0.486441803925412,-0.4038229376314864,-0.17061679739410318,-0.4744053195144061,-0.4287509367459618,-0.16739261338738157,-0.3151817370917254,-0.19394532848475862,-0.21566554640687685,0.419251680374017,-0.31622776601683794,-0.1197675343951021,-0.29889890181378437
0.7931908638965977,-1.0404304293857267,0.9002653664759641,-0.0657240779900777,-1.1058777683671228,-0.6248595347774147,2.410910204481968,2.5936049409376256,0.10658568002674722,0.19319959645495516,-0.040346938821251684,0.01542526497851402,0.1807796231291492,0.0339967115646002,0.35018420654123433,-0.11153102409012998,0.3927262530353802,4.636809247747853,-2.3852021275332596,-0.31622776601683794,-0.1197675343951021,-0.03138719279513702
0.7931908638965977,1.3058705389328826,0.9002653664759641,-0.5586546629156589,0.4920648785853713,-0.6248595347774147,-0.03842887612099092,-0.054382467941343514,1.637929471640214,1.8476344862327874,0.87407690455045,0.060498599391226024,0.4730129070701636,2.7110896206288726,-0.261497489738039,0.1476607924573551,0.2049913469489358,-0.21566554640687685,-2.3852021275332596,3.1622776601683795,-0.1197675343951021,0.13384062748108635
0.7931908638965977,0.13272005477357798,0.9002653664759641,-0.5586546629156589,-1.3341552893603363,1.6003596718040265,0.750412707431366,0.39067073590705376,5.307681867028939,5.801089287779815,3.894567440616845,0.31760822970107677,1.4828296996207861,6.129556402866757,2.467543924431027,2.0977706502908147,1.472201963032436,-0.21566554640687685,-2.3852021275332596,3.1622776601683795,-0.1197675343951021,2.085102505028867
0.7931908638965977,1.3058705389328826,0.9002653664759641,-1.0515852478412402,0.4920648785853713,1.6003596718040265,0.12053252839378564,0.1257642936490495,-0.21569580622942916,-0.41180564348430676,-0.3519690228492307,-0.0842526228059012,-0.05737490364128598,-0.03932597918883393,0.11492201566459075,0.6105033220064356,0.7681960652082692,-0.21566554640687685,0.419251680374017,-0.31622776601683794,-0.1197675343951021,0.6111654416123983
0.7931908638965977,-1.0404304293857267,0.9002653664759641,-1.0515852478412402,-1.1058777683671228,1.6003596718040265,1.6101377428865593,1.4348290310634138,0.5423751111278662,0.7303537814477579,3.431372374917657,0.4888202485885503,1.1583571565973112,1.076808313391219,-0.2144450515627103,-0.4262639441835048,-0.4286139610928142,-0.21566554640687685,0.419251680374017,-0.31622776601683794,-0.1197675343951021,-0.4221641010674748
0.7931908638965977,-1.0404304293857267,0.9002653664759641,-1.5445158327668214,0.4920648785853713,1.6003596718040265,-0.381792528036463,-0.244170448566647,-0.40420007177549455,-0.363179054106011,-0.2816670806925186,-0.13812400548845127,-0.3363484923145141,-0.2706998033441149,-0.07328773703672413,-0.31826735395538597,-0.3112796447887864,-0.21566554640687685,0.419251680374017,-0.31622776601683794,-0.1197675343951021,-0.3093895570694176
0.7931908638965977,1.3058705389328826,0.9002653664759641,-1.5445158327668214,-1.1058777683671228,-0.6248595347774147,0.1794851022535703,0.19571827994407281,-0.5126406976541451,-0.5904800881766495,-0.48010802380153567,-0.20854171758757176,-0.5232841961878142,-0.46785637181446005,-0.35560236608869644,0.030407351638254716,-0.28781278152798084,-0.21566554640687685,0.419251680374017,-0.31622776601683794,-0.1197675343951021,-0.026141865167320408
0.7746579792617285,1.3058705389328826,0.9002653664759641,1.4130676767866661,0.4920648785853713,-0.6248595347774147,-0.5148305909209324,-0.3360410148750805,-0.6322294252586382,-0.6345832738918481,-0.5489141799549134,-0.2315532794448565,-0.6393715282871584,-0.5884314632756629,-0.35560236608869644,-0.30592488650074384,-0.3112796447887864,-0.21566554640687685,0.419251680374017,-0.31622776601683794,-0.1197675343951021,-0.3146348846972342
0.7746579792617285,0.13272005477357798,0.9002653664759641,1.4130676767866661,-0.8776002473739094,-0.6248595347774147,-0.14405223761977182,-0.11893840966231198,1.0541743267233663,1.213227122483393,0.3864506674634684,0.009759855107784971,0.30193683871323523,1.9876390718616561,-0.2144450515627103,-0.0961029397718273,0.017256440862491364,-0.21566554640687685,-2.3852021275332596,3.1622776601683795,-0.1197675343951021,-0.0917084605150281
0.7746579792617285,-1.0404304293857267,0.9002653664759641,0.9201370918610848,0.7203423995785847,1.6003596718040265,-0.45671142398327275,-0.29806006182638206,-0.8268144735642542,-0.8076034640053192,-0.6521234141849801,-0.21084120747627944,-0.5854227681290085,-0.8491343637323174,-0.35560236608869644,-0.4787194308657339,-0.3816802345712031,4.636809247747853,-2.3852021275332596,-0.31622776601683794,-0.1197675343951021,-0.46937204971782437
0.7746579792617285,-1.0404304293857267,0.9002653664759641,0.9201370918610848,-0.8776002473739094,-0.6248595347774147,1.138517152008282,1.0766635831473994,1.1940323301930278,1.2629845627774632,1.2495191913873591,0.8886815446705649,1.9092199003888142,1.6210256180944855,0.7736561501191928,0.3790820572318954,0.3223256632529636,-0.21566554640687685,0.419251680374017,-0.31622776601683794,-0.1197675343951021,0.4013523364997337
0.7746579792617285,0.13272005477357798,0.9002653664759641,0.42720650693550355,0.7203423995785847,-0.6248595347774147,-0.43942919622973464,-0.2908323915673711,-0.4558867252316738,-0.4909652075885093,-0.4447077550559573,-0.20845840273653163,-0.5563034373448505,-0.42386275736239953,-0.261497489738039,-0.040561836225937634,0.11112389390571359,-0.21566554640687685,0.419251680374017,-0.31622776601683794,-0.1197675343951021,-0.03663252042295364
0.7746579792617285,0.13272005477357798,0.9002653664759641,0.42720650693550355,-0.8776002473739094,1.6003596718040265,-0.3274017604872569,-0.23045474396382012,-0.12245713724965486,-0.22860779512886673,-0.23380192858582105,-0.15387051233503643,-0.3402484026873924,-0.0833195936408944,1.8558622281517536,0.5518766015968855,0.510060569339408,-0.21566554640687685,0.419251680374017,-0.31622776601683794,-0.1197675343951021,0.6295240883097565
0.7746579792617285,-1.0404304293857267,0.9002653664759641,-0.0657240779900777,0.4920648785853713,-0.6248595347774147,-0.23756926698663264,-0.12594548675363318,-0.11536289069684594,-0.08725143065707654,-0.01791014877123719,-0.00043788265952731954,0.07366208488742508,0.025849745925329737,-0.02623529886139541,-0.05598992054424032,-0.0531441489199253,-0.21566554640687685,0.419251680374017,-0.31622776601683794,-0.1197675343951021,-0.05499116712031179
0.7746579792617285,0.13272005477357798,0.9002653664759641,-0.0657240779900777,-1.5624328103535496,-0.6248595347774147,-0.3710898286154902,-0.2540063086318719,-0.18326496484515983,-0.29306629732800304,-0.27867550868585006,-0.1869631711681773,-0.45230582740142905,-0.12568381496510078,0.25607933019057694,0.4315375439141245,0.6508617489042413,-0.21566554640687685,0.419251680374017,-0.31622776601683794,-0.1197675343951021,0.4538056127778998
0.7738548875942176,0.13272005477357798,0.5973208685795656,-0.5586546629156589,-0.19276768439426906,-0.6248595347774147,-0.5414118853844961,-0.3485110168838947,-0.6129736131867283,-0.5757790262715834,-0.4995532418448816,-0.25198208091989716,-0.7394692278577016,-0.6145017533213283,-0.35560236608869644,-0.3861509249559178,-0.2643459182671753,-0.21566554640687685,0.419251680374017,-0.31622776601683794,-0.1197675343951021,-0.3775788162310336
0.7738548875942176,0.13272005477357798,0.5973208685795656,-1.0515852478412402,0.7203423995785847,-0.6248595347774147,-0.45057053087287846,-0.2953740156080423,-0.4639944355777411,-0.44799287278908506,-0.4053187236348207,-0.19964369149648556,-0.5310840169335708,-0.40593943295600454,0.39723664471656306,-0.19175706254530395,0.06419016738410248,-0.21566554640687685,0.419251680374017,-0.31622776601683794,-0.1197675343951021,-0.13367108153756102
0.7738548875942176,1.3058705389328826,0.5973208685795656,-1.0515852478412402,-1.3341552893603363,-0.6248595347774147,-0.49882040531169036,-0.3243366009188366,-0.544058075245156,-0.5599471134507429,-0.4890827398215415,-0.2273375479822258,-0.6395015252995877,-0.4971854481158337,-0.3085499279133677,-0.197928296272625,-0.14701160196314753,-0.21566554640687685,0.419251680374017,-0.31622776601683794,-0.1197675343951021,-0.201860340699177
0.7738548875942176,0.13272005477357798,0.5973208685795656,-1.5445158327668214,0.4920648785853713,-0.6248595347774147,-0.3922320463241332,-0.26424442682641347,-0.3089344752092034,-0.3337769302958786,-0.3335209954747743,-0.17856503418333186,-0.4346262337110474,-0.20389468510209718,1.0559707791711652,0.024236117910933642,0.18152448368813026,-0.21566554640687685,0.419251680374017,-0.31622776601683794,-0.1197675343951021,0.09974599790027834
0.7687274561785704,0.13272005477357798,0.5973208685795656,-1.5445158327668214,-1.1058777683671228,1.6003596718040265,-0.5251823821641685,-0.33662493796602394,-0.5886504821485263,-0.5836949826820036,-0.5055363858582188,-0.23238642795525785,-0.6674508829718823,-0.5493260282071646,-0.3085499279133677,-0.29358241904610166,-0.33474650804959194,-0.21566554640687685,0.419251680374017,-0.31622776601683794,-0.1197675343951021,-0.30414422944160097
0.7687274561785704,1.3058705389328826,0.5973208685795656,1.4130676767866661,0.2637873575921578,-0.6248595347774147,-0.20370662783503013,-0.1934599721353817,-0.17211686311931726,-0.3982354324950149,-0.3858735055914748,-0.09611665759401616,0.04922264655072103,-0.016514475398876644,-0.07328773703672413,0.5673046859151881,0.29885879999215803,-0.21566554640687685,0.419251680374017,-0.31622776601683794,-0.1197675343951021,0.5115042166838826
0.7687274561785704,0.13272005477357798,0.5973208685795656,1.4130676767866661,-1.1058777683671228,-0.6248595347774147,-0.4402187396296425,-0.29328486854933355,-0.3332576062474054,-0.40388968707388656,-0.3679240735514632,-0.20809181739195504,-0.5487636106239525,-0.29188191400621816,-0.07328773703672413,0.20011627913958424,0.11112389390571359,-0.21566554640687685,0.419251680374017,-0.31622776601683794,-0.1197675343951021,0.17842591231752758
0.7687274561785704,1.3058705389328826,0.5973208685795656,0.9201370918610848,0.4920648785853713,-0.6248595347774147,-0.2858191414254445,-0.2105235024596176,-0.15995529760021626,-0.21503758413957486,-0.23679350059248966,-0.19017912441832643,-0.4395661201833599,-0.13708956686007942,0.6795512737685354,0.34205465486796893,1.6599368691188803,-0.21566554640687685,0.419251680374017,-0.31622776601683794,-0.1197675343951021,0.5141268804977909
0.7687274561785704,0.13272005477357798,0.5973208685795656,0.9201370918610848,-0.8776002473739094,-0.6248595347774147,-0.128612277799352,-0.11389071894282318,0.9285048163593228,1.040206932369922,0.3390841106912156,-0.013684943974908482,0.19221936022292557,1.612878652455215,-0.16739261338738157,0.19703066227592372,0.3223256632529636,-0.21566554640687685,-2.3852021275332596,3.1622776601683795,-0.1197675343951021,0.1941618952009774
0.7570517388586029,0.13272005477357798,0.5973208685795656,0.42720650693550355,-1.1058777683671228,1.6003596718040265,-0.4929426933345987,-0.32411600775114685,-0.4984522045485273,-0.5022737167462525,-0.4551782570792974,-0.22353839077479573,-0.603492352856678,-0.4287509367459618,-0.35560236608869644,-0.2040995299999461,-0.19394532848475862,-0.21566554640687685,0.419251680374017,-0.31622776601683794,-0.1197675343951021,-0.21497365976871854
0.7570517388586029,-1.0404304293857267,0.5973208685795656,-0.0657240779900777,0.4920648785853713,1.6003596718040265,-0.007548956480151323,0.10197915974462031,-0.41332124591482033,-0.4004971343265636,-0.3759015989025795,0.16522536714867334,0.3149365399561629,-0.36683399788750637,-0.261497489738039,-0.3151817370917254,-0.5224814141360364,-0.21566554640687685,0.419251680374017,-0.31622776601683794,-0.1197675343951021,-0.3408615228363173
0.7570517388586029,1.3058705389328826,0.5973208685795656,-0.0657240779900777,-1.3341552893603363,1.6003596718040265,-0.1438767835309034,-0.13148626808325198,-0.03529925102943106,-0.34621629036939616,-0.35246761818367545,-0.054025994848540926,0.12774084205800426,0.14642483738653253,0.020817139313933312,0.9437499432817738,0.8620635182514914,-0.21566554640687685,0.419251680374017,-0.31622776601683794,-0.1197675343951021,0.8996584611423121
0.7570517388586029,-1.0404304293857267,0.5973208685795656,-0.5586546629156589,0.4920648785853713,-0.6248595347774147,1.2262441964424853,0.4987094838002766,2.4760640286649243,1.8272791697488495,1.320319728878516,0.29802923970664547,1.8572210954171033,2.463421865195051,6.419948731158639,4.452096317263804,4.241291827807491,-0.21566554640687685,0.419251680374017,-0.31622776601683794,-0.1197675343951021,4.615973085450384
0.7570517388586029,0.13272005477357798,0.5973208685795656,-0.5586546629156589,-1.3341552893603363,1.6003596718040265,-0.504698117288782,-0.32795692408268584,-0.47818292868335893,-0.46834818927302285,-0.4382260157081753,-0.23136998677256823,-0.645741381896193,-0.4580800130473355,-0.07328773703672413,-0.24729816609119362,-0.2643459182671753,-0.21566554640687685,0.419251680374017,-0.31622776601683794,-0.1197675343951021,-0.24382296172170992
0.7426578651255212,1.3058705389328826,0.5973208685795656,-1.0515852478412402,0.2637873575921578,-0.6248595347774147,-0.41881334078769683,-0.2831116306982302,-0.35960766487212426,-0.42311415264205,-0.41229905831704744,-0.19832731685005145,-0.5118444590940379,-0.32284038343544585,-0.2144450515627103,0.02732173477459418,-0.029677285659119746,-0.21566554640687685,0.419251680374017,-0.31622776601683794,-0.1197675343951021,0.007952764413487587
0.7426578651255212,-1.0404304293857267,0.5973208685795656,-1.0515852478412402,-1.3341552893603363,-0.6248595347774147,-0.5476405055393245,-0.3501330254698487,-0.5744619890429085,-0.5316758405563848,-0.48010802380153567,-0.24233422116944975,-0.7037200494396505,-0.5656199594857055,-0.261497489738039,-0.46020572968377066,-0.49901455087523083,-0.21566554640687685,0.419251680374017,-0.31622776601683794,-0.1197675343951021,-0.4615040582760994
0.7426578651255212,0.13272005477357798,0.5973208685795656,-1.5445158327668214,0.4920648785853713,-0.6248595347774147,0.3170411079264012,0.15634888754579776,3.965855804754796,4.466685207166115,2.233746381581328,0.3089101592524869,1.4235510619530358,6.03505160145122,1.4323902845737948,-0.04981868681691925,-0.006210422398314191,-0.21566554640687685,-2.3852021275332596,3.1622776601683795,-0.1197675343951021,0.03680206636647897
0.7426578651255212,-1.0404304293857267,0.5973208685795656,-1.5445158327668214,-0.8776002473739094,-0.6248595347774147,-0.41863788669882845,-0.28583660512263287,-0.3869711872901015,-0.42989925813669594,-0.39734119828370446,-0.2117576708377209,-0.5498035867233867,-0.378239749782485,-0.07328773703672413,-0.0004488169983506539,0.29885879999215803,-0.21566554640687685,0.419251680374017,-0.31622776601683794,-0.1197675343951021,0.028934074924754048
0.7426578651255212,0.13272005477357798,0.5973208685795656,1.4130676767866661,-1.1058777683671228,-0.6248595347774147,-0.4224101496094992,-0.28225521016484645,-0.3474460993530233,-0.40502053798966087,-0.3773973849059138,-0.20190985544477716,-0.5232841961878142,-0.2983994865176345,-0.12034017521205286,0.07669160459316277,0.15805762042732469,-0.21566554640687685,0.419251680374017,-0.31622776601683794,-0.1197675343951021,0.07614202357510358
0.7426578651255212,0.13272005477357798,0.5973208685795656,0.9201370918610848,0.4920648785853713,1.6003596718040265,-0.03562161069909641,-0.06642425968346587,1.771706692350325,2.012738719935838,0.7693718843170491,0.04470210363401679,0.46677305047355827,2.8153707808115347,-0.261497489738039,-0.04364745308959817,-0.12354473870234196,-0.21566554640687685,-2.3852021275332596,3.1622776601683795,-0.1197675343951021,-0.06548182237594502
0.7426578651255212,1.3058705389328826,0.5973208685795656,0.9201370918610848,-1.1058777683671228,1.6003596718040265,0.36301007920992384,0.09475148948560937,0.889993192215503,0.20337725469692405,0.09576958748216956,0.0991067013632237,0.8661238726562968,1.1973834048524217,1.0089183409958364,2.6778666206589956,1.6599368691188803,-0.21566554640687685,0.419251680374017,-0.31622776601683794,-0.1197675343951021,2.517842034323738
0.7426578651255212,-1.0404304293857267,0.5973208685795656,0.42720650693550355,0.7203423995785847,-0.6248595347774147,-0.3430171743965451,-0.24689542299104966,-0.28663827175751827,-0.3744875632637542,-0.3729100268959109,-0.16746749602478614,-0.3412883787868266,-0.19411832633497264,-0.261497489738039,0.16926011050297887,0.29885879999215803,-0.21566554640687685,0.419251680374017,-0.31622776601683794,-0.1197675343951021,0.16268992943407773
0.7426578651255212,0.13272005477357798,0.5973208685795656,0.42720650693550355,-1.3341552893603363,-0.6248595347774147,-0.417146526943447,-0.27670145276654,-0.3048806200361698,-0.3643099050217853,-0.3474816648392278,-0.21164103004626472,-0.5703431146872124,-0.2853643414948018,-0.02623529886139541,0.21862998032154748,0.3457925265137691,-0.21566554640687685,0.419251680374017,-0.31622776601683794,-0.1197675343951021,0.2230111971539688
0.7426578651255212,0.13272005477357798,0.5973208685795656,-0.0657240779900777,0.4920648785853713,-0.6248595347774147,-0.4582027837386542,-0.30284823117211823,-0.3950788976361688,-0.42311415264205,-0.413296248985937,-0.21760637338073824,-0.5872427263030184,-0.342393100969695,-0.16739261338738157,-0.07758923858986408,0.2049913469489358,-0.21566554640687685,0.419251680374017,-0.31622776601683794,-0.1197675343951021,-0.05236850330640348
0.7231365599767924,0.13272005477357798,0.5973208685795656,-0.0657240779900777,-0.8776002473739094,1.6003596718040265,-0.21511114361147657,-0.15676364988675884,0.556563604233484,0.6704186829117188,0.18501815234778274,-0.050476782194231254,0.05858243144562897,1.168054328551048,0.585446397417878,-0.08993170604450623,0.040723304123296916,-0.21566554640687685,-2.3852021275332596,3.1622776601683795,-0.1197675343951021,-0.039255184236861945
0.7231365599767924,-1.0404304293857267,0.5973208685795656,-0.5586546629156589,0.4920648785853713,-0.6248595347774147,0.0054346460961107795,0.11612307461413902,-0.2998133010698777,-0.28854289366490576,-0.2941319640536378,0.041536139294491736,-0.0012161942718383824,-0.342393100969695,-0.16739261338738157,-0.23804131550021201,-0.45208082435361974,-0.21566554640687685,0.419251680374017,-0.31622776601683794,-0.1197675343951021,-0.26218160841906807
0.7231365599767924,1.3058705389328826,0.5973208685795656,-0.5586546629156589,-1.3341552893603363,1.6003596718040265,-0.4284633156754592,-0.28376043413261176,-0.3433922441799896,-0.4174598980631784,-0.4008313656248178,-0.20559237186075105,-0.5472036464748011,-0.29025252087836406,-0.3085499279133677,0.1445751755936946,0.3927262530353802,-0.21566554640687685,0.419251680374017,-0.31622776601683794,-0.1197675343951021,0.14957661036453618
0.7231365599767924,-1.0404304293857267,0.5973208685795656,-1.0515852478412402,0.4920648785853713,-0.6248595347774147,0.7279545840562099,0.35156086488253135,1.1686957353615672,1.3025643448295645,0.9109729592993626,0.2518894752006198,1.1833165829837322,1.2413770193044822,-0.07328773703672413,0.5117635823692985,2.199674724117408,-0.21566554640687685,-2.3852021275332596,-0.31622776601683794,8.34950811211569,0.676732036960106
0.7231365599767924,0.13272005477357798,0.5973208685795656,-1.0515852478412402,-1.1058777683671228,-0.6248595347774147,-0.5116724173213012,-0.3326283088102333,-0.5410176838653807,-0.5158439277355443,-0.4736262844537537,-0.2263544327399522,-0.6309217224792554,-0.5167381656500828,0.16197445383991949,-0.3429522888646703,-0.3816802345712031,-0.21566554640687685,0.419251680374017,-0.31622776601683794,-0.1197675343951021,-0.32512553995286747
0.7231365599767924,-1.0404304293857267,0.5973208685795656,-1.5445158327668214,0.4920648785853713,-0.6248595347774147,-0.5174185387317415,-0.3354570917841371,-0.5602734959372907,-0.5305449896406106,-0.48260100047375953,-0.22777078520763447,-0.6371615790758607,-0.5476966350793105,-0.35560236608869644,-0.3614659900466335,-0.40514709783200864,-0.21566554640687685,0.419251680374017,-0.31622776601683794,-0.1197675343951021,-0.37233348860321697
0.7231365599767924,0.13272005477357798,0.5973208685795656,-1.5445158327668214,-0.42104520538748247,-0.6248595347774147,-0.43776238238548476,-0.29377795915946353,-0.3879846510833599,-0.45138542553640804,-0.41080327231371316,-0.21445707201142122,-0.5669631923640512,-0.40105125357244226,-0.12034017521205286,0.13531832500271299,0.18152448368813026,-0.21566554640687685,0.419251680374017,-0.31622776601683794,-0.1197675343951021,0.12859529985326973
0.7231365599767924,0.13272005477357798,0.5973208685795656,1.4130676767866661,0.4920648785853713,-0.6248595347774147,-0.536192126240661,-0.3489132750132113,-0.604865902840661,-0.5927417900081983,-0.5354521059249048,-0.24366725878609188,-0.6873404258735616,-0.6193899327048905,-0.35560236608869644,-0.36455160691029403,-0.49901455087523083,-0.21566554640687685,0.419251680374017,-0.31622776601683794,-0.1197675343951021,-0.3854468076727585
0.7231365599767924,1.3058705389328826,0.5973208685795656,1.4130676767866661,-0.8776002473739094,1.6003596718040265,-0.5121987795879064,-0.3351586422043215,-0.5633138873170659,-0.5723864735242604,-0.515508292547114,-0.23002028618571807,-0.6305317314419676,-0.5314027038007696,-0.3085499279133677,-0.23187008177289092,-0.3582133713103975,-0.21566554640687685,0.419251680374017,-0.31622776601683794,-0.1197675343951021,-0.25431361697734317
0.6490050214373159,0.13272005477357798,0.5973208685795656,-1.0515852478412402,0.4920648785853713,-0.6248595347774147,-0.4793450014472972,-0.3175111887891422,-0.41433470970807873,-0.43216095996824455,-0.40731310497259976,-0.2164399654661764,-0.5677431744386269,-0.40268064670029635,-0.2144450515627103,-0.10227417349914837,-0.28781278152798084,-0.21566554640687685,0.419251680374017,-0.31622776601683794,-0.1197675343951021,-0.1310484177236527
0.6490050214373159,1.3058705389328826,0.5973208685795656,-1.0515852478412402,-1.1058777683671228,1.6003596718040265,-0.5118040078879524,-0.3354700678528247,-0.49743874075526884,-0.4966194621673809,-0.46864033110930603,-0.23593564060956754,-0.6549711697786716,-0.5118499862665206,-0.261497489738039,-0.23804131550021201,-0.28781278152798084,-0.21566554640687685,0.419251680374017,-0.31622776601683794,-0.1197675343951021,-0.24906828934952654
0.6490050214373159,1.3058705389328826,0.29437637068316713,-1.5445158327668214,0.4920648785853713,-0.6248595347774147,0.2465085642013017,0.049127631979895774,0.4379883404222493,-0.12343865996185482,-0.21734828254914376,0.11860237650661484,0.8952432034404547,0.6613130657884255,0.06786957748926203,1.8108082819703846,0.3692593897745747,-0.21566554640687685,0.419251680374017,-0.31622776601683794,-0.1197675343951021,1.5841737165723804
0.6490050214373159,0.13272005477357798,0.29437637068316713,-1.5445158327668214,-0.8776002473739094,-0.6248595347774147,-0.5146551368320641,-0.33914229529142453,-0.5572331045575154,-0.5429843497141281,-0.5105223392026664,-0.22987031945384584,-0.6187020033109034,-0.5623611732299973,-0.35560236608869644,-0.35838037318297294,-0.4755476876144253,-0.21566554640687685,0.419251680374017,-0.31622776601683794,-0.1197675343951021,-0.3775788162310336
0.6437540374574363,0.13272005477357798,0.29437637068316713,1.4130676767866661,0.4920648785853713,1.6003596718040265,-0.4427628239182344,-0.305287732085393,-0.4204154924676292,-0.41519819623162973,-0.41229905831704744,-0.19839396873088355,-0.4627055883957712,-0.3749809635267768,-0.2144450515627103,-0.2040995299999461,-0.24087905500636975,-0.21566554640687685,0.419251680374017,-0.31622776601683794,-0.1197675343951021,-0.21235099595481025
0.6437540374574363,-1.0404304293857267,0.29437637068316713,1.4130676767866661,-1.1058777683671228,-0.6248595347774147,0.8984959584363014,0.6073062026470676,0.7491217249525831,0.5980442243021622,0.2747653125478407,0.6322550961392434,2.1026554548835783,1.0816964927747812,-0.07328773703672413,0.8110684181443707,0.3457925265137691,-0.21566554640687685,0.419251680374017,-0.31622776601683794,-0.1197675343951021,0.7239399856104555
0.6437540374574363,0.13272005477357798,0.29437637068316713,0.9201370918610848,0.4920648785853713,-0.6248595347774147,-0.3836347959695813,-0.27414516723507654,-0.22684390795527173,-0.31002906106461786,-0.3260420654581028,-0.19651105309737654,-0.44164607238222836,-0.23485315453132494,0.06786957748926203,0.3050272525040425,0.3692593897745747,-0.21566554640687685,0.419251680374017,-0.31622776601683794,-0.1197675343951021,0.30431377538512633
0.6437540374574363,-1.0404304293857267,0.29437637068316713,0.9201370918610848,0.03550983659894439,-0.6248595347774147,-0.5359728086295755,-0.34681115188581496,-0.5349369011058303,-0.5034045676620268,-0.46465156843374794,-0.23953484217450127,-0.6768106678667901,-0.5297733106729156,-0.261497489738039,-0.3552947563193124,-0.4755476876144253,-0.21566554640687685,0.419251680374017,-0.31622776601683794,-0.1197675343951021,-0.36971082478930867
0.6437540374574363,0.13272005477357798,0.29437637068316713,0.42720650693550355,1.1768974415650115,-0.6248595347774147,-0.5311039576634772,-0.3468890082979407,-0.5693946700766164,-0.5350683933037078,-0.4975588605071025,-0.23953484217450127,-0.6658909188227309,-0.591690249531371,-0.3085499279133677,-0.39232215868323883,-0.4755476876144253,-0.21566554640687685,0.419251680374017,-0.31622776601683794,-0.1197675343951021,-0.40380545437011667
0.6349200291148154,-1.0404304293857267,0.29437637068316713,-0.0657240779900777,0.2637873575921578,1.6003596718040265,-0.5296125979080958,-0.3416207244107622,-0.5785158442159422,-0.5328066914721592,-0.490079930490431,-0.2269709626376492,-0.6330016746781238,-0.5900608564035169,-0.35560236608869644,-0.46020572968377066,-0.592882003918453,-0.21566554640687685,0.419251680374017,-0.31622776601683794,-0.1197675343951021,-0.47724004115954927
0.5957538662531252,1.3058705389328826,0.29437637068316713,-0.0657240779900777,0.4920648785853713,-0.6248595347774147,0.8556851607524101,0.454071807514823,1.040999297411007,0.23956448400170235,0.12568530754885554,0.552539446664044,2.314810579168158,1.5477029273410514,1.1971280936971513,3.0111132419343334,1.7538043221621025,-0.21566554640687685,0.419251680374017,-0.31622776601683794,-0.1197675343951021,2.8220710367371016
0.5957538662531252,0.13272005477357798,0.29437637068316713,-0.0657240779900777,-1.1058777683671228,1.6003596718040265,-0.4309196729196169,-0.294115336945342,-0.43460398557324703,-0.44799287278908506,-0.4137948443203817,-0.19587786022947154,-0.4767452657381331,-0.37009278414321456,-0.261497489738039,-0.12387349154477213,-0.0531441489199253,-0.21566554640687685,0.419251680374017,-0.31622776601683794,-0.1197675343951021,-0.1258030900958361
0.5957538662531252,-1.0404304293857267,0.29437637068316713,-0.5586546629156589,0.2637873575921578,-0.6248595347774147,-0.4672386693153771,-0.3023421644933006,-0.5055464511013362,-0.44686202187331076,-0.3963440076148149,-0.1868965192873452,-0.4985847638262516,-0.46133879930304367,-0.35560236608869644,-0.4293495610471653,-0.5224814141360364,-0.21566554640687685,0.419251680374017,-0.31622776601683794,-0.1197675343951021,-0.44314541157874127
0.5957538662531252,0.13272005477357798,0.29437637068316713,-0.5586546629156589,-1.3341552893603363,1.6003596718040265,-0.21019842912316117,-0.17910844016686087,0.22718787142449876,0.36848148839997497,0.0668510580843731,-0.04836058497781188,0.1610200772398991,0.7509296878204005,-0.261497489738039,-0.38923654181957834,-0.28781278152798084,-0.21566554640687685,-2.3852021275332596,3.1622776601683795,-0.1197675343951021,-0.3775788162310336
0.5957538662531252,1.3058705389328826,0.29437637068316713,-1.0515852478412402,0.4920648785853713,-0.6248595347774147,2.580749762506586,2.2847874822406755,0.019427793806523416,-0.05106420135229826,-0.13358426636242302,1.758905163784755,3.1551112675110033,0.051920035970995204,-0.16739261338738157,0.12606147441173135,-0.19394532848475862,-0.21566554640687685,0.419251680374017,-0.31622776601683794,-0.1197675343951021,0.07614202357510358
0.5957538662531252,1.3058705389328826,0.29437637068316713,-1.0515852478412402,-1.1058777683671228,-0.6248595347774147,-0.46802821271528494,-0.3136962245949784,-0.5400042200721223,-0.5441152006299024,-0.4501923037348497,-0.2118909745993851,-0.5479836285493768,-0.5151087725222286,-0.261497489738039,-0.20101391313628555,-0.2643459182671753,-0.21566554640687685,0.419251680374017,-0.31622776601683794,-0.1197675343951021,-0.21497365976871854
0.5576996764695273,-1.0404304293857267,0.29437637068316713,-1.5445158327668214,0.9486199205717981,1.6003596718040265,-0.47259001902586356,-0.31418931520510845,-0.5633138873170659,-0.5203673313986417,-0.4551782570792974,-0.19741085348860998,-0.49338488332908054,-0.53954966944004,-0.35560236608869644,-0.4324351779108258,-0.5694151406576475,-0.21566554640687685,0.419251680374017,-0.31622776601683794,-0.1197675343951021,-0.4510134030204662
0.5576996764695273,-1.0404304293857267,0.29437637068316713,-1.5445158327668214,-1.1058777683671228,-0.6248595347774147,1.6059268447537176,1.1857144643982576,1.3308499422829139,0.8739718477510967,0.6746387707725434,1.2569165232977453,3.6709394128303736,1.9159457742360761,-0.16739261338738157,2.0977706502908147,0.9559309712947136,-0.21566554640687685,0.419251680374017,-0.31622776601683794,-0.1197675343951021,1.8805347275440192
0.5576996764695273,0.13272005477357798,0.29437637068316713,1.4130676767866661,0.4920648785853713,-0.6248595347774147,-0.4515355283616547,-0.30674105177840777,-0.40318660798223616,-0.4185907489789527,-0.315072968100318,-0.2013766403981203,-0.49052494905563643,-0.36683399788750637,-0.12034017521205286,-0.1300447252720932,-0.17047846522395307,-0.21566554640687685,0.419251680374017,-0.31622776601683794,-0.1197675343951021,-0.13629374535146932
0.5576996764695273,1.3058705389328826,0.29437637068316713,1.4130676767866661,-1.1058777683671228,-0.6248595347774147,-0.5015399436891507,-0.3326672370162962,-0.5876370183552679,-0.5531620079560969,-0.4472007317281811,-0.22492141730206192,-0.5946525560114871,-0.5965784289149333,-0.3085499279133677,-0.3861509249559178,-0.3816802345712031,-0.21566554640687685,0.419251680374017,-0.31622776601683794,-0.1197675343951021,-0.3880694714866668
0.5576996764695273,0.13272005477357798,0.29437637068316713,0.9201370918610848,0.4920648785853713,1.6003596718040265,-0.5174185387317415,-0.3384805157883553,-0.5582465683507738,-0.5452460515456767,-0.4915757164937653,-0.24513360016439822,-0.6935802824701669,-0.5819138907642465,-0.261497489738039,-0.32443858768270706,-0.12354473870234196,-0.21566554640687685,0.419251680374017,-0.31622776601683794,-0.1197675343951021,-0.30414422944160097
0.5576996764695273,1.3058705389328826,0.29437637068316713,0.9201370918610848,-1.1058777683671228,1.6003596718040265,0.35493919112197714,0.32280589667073917,0.05287209898405115,0.11517088326652698,0.1620827669633235,0.4962852592417462,1.4152312531575622,0.2963290051491089,-0.07328773703672413,-0.25038378295485414,-0.5694151406576475,-0.21566554640687685,0.419251680374017,-0.31622776601683794,-0.1197675343951021,-0.2805402551164262
0.5576996764695273,1.3058705389328826,0.29437637068316713,0.42720650693550355,0.4920648785853713,-0.6248595347774147,-0.2652910130278409,-0.21902282745001644,-0.3008267648631361,-0.4593013819468283,-0.45118949440373923,-0.12620998178971224,-0.16501242993272722,-0.2397413339148872,-0.261497489738039,0.261828616412795,-0.14701160196314753,-0.21566554640687685,0.419251680374017,-0.31622776601683794,-0.1197675343951021,0.1915392313870691
0.5576996764695273,0.13272005477357798,0.29437637068316713,0.42720650693550355,-1.5624328103535496,-0.6248595347774147,-0.5425523369621408,-0.35050933146179003,-0.5896639459417847,-0.546376902461451,-0.4995532418448816,-0.2551480452594222,-0.7444091143300141,-0.6112429670656201,-0.2144450515627103,-0.44169202850180744,-0.3816802345712031,-0.21566554640687685,0.419251680374017,-0.31622776601683794,-0.1197675343951021,-0.43003209250919977
0.5576996764695273,1.3058705389328826,0.29437637068316713,-0.0657240779900777,0.7203423995785847,1.6003596718040265,-0.5711952169699082,-0.36674239339001746,-0.6585794838833571,-0.60631200099749,-0.5344549152560152,-0.26429601590362883,-0.7787283256113432,-0.6959714097140328,-0.3085499279133677,-0.5188324500933209,-0.5694151406576475,-0.21566554640687685,0.419251680374017,-0.31622776601683794,-0.1197675343951021,-0.5218253259959905
0.5576996764695273,1.3058705389328826,0.29437637068316713,-0.0657240779900777,-1.1058777683671228,1.6003596718040265,-0.05702700954104204,-0.10604019738680592,-0.08394551310583503,-0.38805777425304605,-0.37041705022368704,-0.018950442560644893,0.286337197221722,0.06984336037739021,-0.16739261338738157,0.7894691000987468,0.08765703064490803,-0.21566554640687685,0.419251680374017,-0.31622776601683794,-0.1197675343951021,0.6714867093322894
0.5425644873510509,-1.0404304293857267,0.29437637068316713,-0.5586546629156589,0.4920648785853713,-0.6248595347774147,0.6514566013095846,0.4527222963713093,0.1369895938244997,0.2112932111073443,0.2717737405411721,0.38765935645562066,1.1916363917792059,0.20508298998927982,-0.261497489738039,-0.20101391313628555,-0.40514709783200864,-0.21566554640687685,0.419251680374017,-0.31622776601683794,-0.1197675343951021,-0.2307096426521684
0.5425644873510509,0.13272005477357798,0.29437637068316713,-0.5586546629156589,-0.8776002473739094,-0.6248595347774147,-0.5569834357715672,-0.35723093504198333,-0.5714215976631333,-0.5124513749882214,-0.49506588383487865,-0.25729756841625767,-0.7558488514237904,-0.6259075052163069,-0.261497489738039,-0.5003187489113576,-0.4286139610928142,-0.21566554640687685,0.419251680374017,-0.31622776601683794,-0.1197675343951021,-0.4877306964151825
0.5425644873510509,0.13272005477357798,0.29437637068316713,-1.0515852478412402,0.9486199205717981,-0.6248595347774147,0.017365524139162442,-0.05004846099967447,-0.6312159614653798,-0.5859566845135523,-0.5199956505571169,0.14368014666969492,0.9638816260031129,-0.5265145244172074,1.5735475990997811,-0.5064899826386787,-0.6163488671792586,-0.21566554640687685,-2.3852021275332596,3.1622776601683795,-0.1197675343951021,-0.4116734458118416
0.5425644873510509,-1.0404304293857267,0.29437637068316713,-1.0515852478412402,-0.19276768439426906,-0.6248595347774147,0.007540095162531661,-0.040601882995078484,0.4724461093930355,0.621792093533423,0.8915277412560167,0.1448632175544648,0.8754836575512047,1.008373802021347,-0.2144450515627103,-0.2843255684551201,-0.40514709783200864,-0.21566554640687685,0.419251680374017,-0.31622776601683794,-0.1197675343951021,-0.29889890181378437
0.5425644873510509,1.3058705389328826,0.29437637068316713,-1.5445158327668214,0.9486199205717981,-0.6248595347774147,-0.3632821216608461,-0.2593005446564257,-0.15995529760021626,-0.19468226765563706,-0.1809508231346758,-0.15845282914224373,-0.30592919140606334,-0.04910233795595848,0.39723664471656306,0.1476607924573551,0.017256440862491364,-0.21566554640687685,0.419251680374017,-0.31622776601683794,-0.1197675343951021,0.14957661036453618
0.5425644873510509,0.13272005477357798,0.29437637068316713,-1.5445158327668214,-0.8776002473739094,-0.6248595347774147,-0.5039085738888741,-0.3306948745757762,-0.5450715390384144,-0.5361992442194822,-0.48260100047375953,-0.22097229336275961,-0.5951725440612043,-0.5460672419514564,-0.261497489738039,-0.28741118531878057,-0.45208082435361974,-0.21566554640687685,0.419251680374017,-0.31622776601683794,-0.1197675343951021,-0.3093895570694176
0.5425644873510509,1.3058705389328826,0.29437637068316713,1.4130676767866661,0.4920648785853713,-0.6248595347774147,-0.42565605025356473,-0.2934665335109604,-0.38393079591032625,-0.4219833017262757,-0.37390721756480044,-0.19902716159878855,-0.4723253673155377,-0.3472812803532572,-0.07328773703672413,-0.0004488169983506539,-0.006210422398314191,-0.21566554640687685,0.419251680374017,-0.31622776601683794,-0.1197675343951021,-0.005160554656053949
0.5334215975978488,0.13272005477357798,0.29437637068316713,1.4130676767866661,-0.8776002473739094,-0.6248595347774147,-0.25300922680705246,-0.20180358430152898,0.07111444726270265,0.1683208763079201,-0.10715871363685038,-0.0668398189385134,0.09342163077667516,0.5570319056057637,-0.3085499279133677,-0.32443858768270706,-0.3816802345712031,-0.21566554640687685,-2.3852021275332596,3.1622776601683795,-0.1197675343951021,-0.33561619520850067
0.5334215975978488,0.13272005477357798,0.29437637068316713,0.9201370918610848,0.4920648785853713,1.6003596718040265,0.2693175957541946,0.07846652328263139,2.4760640286649243,2.7591003243468903,1.8348701140255148,0.16604185268886662,1.0938786384323897,3.5714091921358326,0.49134152106722045,0.4716505631417115,0.6273948856434358,-0.21566554640687685,-2.3852021275332596,3.1622776601683795,-0.1197675343951021,0.4983908976143411
0.5334215975978488,-1.0404304293857267,0.29437637068316713,0.9201370918610848,-0.42104520538748247,-0.6248595347774147,-0.39398658721281726,-0.2695516389196549,-0.40420007177549455,-0.36996415960065687,-0.25923029064250414,-0.15318733055650732,-0.3194488806987081,-0.31469341779617543,-0.261497489738039,-0.30592488650074384,-0.14701160196314753,-0.21566554640687685,0.419251680374017,-0.31622776601683794,-0.1197675343951021,-0.29103091037205947
0.5334215975978488,0.13272005477357798,-0.008568127213231393,0.42720650693550355,1.405174962558225,-0.6248595347774147,0.05561451551247512,-0.059533967210333355,1.9257531889256043,2.2355163503433797,1.0974476143817053,0.08642618103491545,0.8650838965568626,3.2390129940535983,0.06786957748926203,-0.2596406335458358,-0.24087905500636975,-0.21566554640687685,-2.3852021275332596,3.1622776601683795,-0.1197675343951021,-0.24382296172170992
0.5284794950285503,1.3058705389328826,-0.008568127213231393,0.42720650693550355,0.03550983659894439,1.6003596718040265,-0.4655718554711273,-0.30478166540657536,-0.4599405804047075,-0.5226290332301903,-0.44919511306596016,-0.20659215007323264,-0.5526635209968308,-0.414086398595275,-0.2144450515627103,0.02732173477459418,-0.029677285659119746,-0.21566554640687685,0.419251680374017,-0.31622776601683794,-0.1197675343951021,0.007952764413487587
0.5284794950285503,-1.0404304293857267,-0.008568127213231393,-0.0657240779900777,0.4920648785853713,1.6003596718040265,3.5703108237244003,2.8852291086234643,-0.2308977631283054,-0.2591407698547734,-0.2711965786691785,1.022618499202683,1.9986578449401566,-0.32121099030759176,-0.07328773703672413,-0.21644199745458825,-0.3816802345712031,-0.21566554640687685,0.419251680374017,-0.31622776601683794,-0.1197675343951021,-0.2307096426521684
0.5284794950285503,0.13272005477357798,-0.008568127213231393,-0.0657240779900777,-1.1058777683671228,-0.6248595347774147,0.03491093302600312,-0.10373045716040745,-0.05962238206763305,-0.24104715520238426,-0.22931457057581817,-0.056958677605153614,0.24941804569180737,0.05843760848241157,2.655753677132342,0.5796471533698303,-0.0531441489199253,-0.21566554640687685,0.419251680374017,-0.31622776601683794,-0.1197675343951021,0.6347694159375731
0.5224254193811597,0.13272005477357798,-0.008568127213231393,-0.5586546629156589,1.1768974415650115,-0.6248595347774147,-0.4616241384715881,-0.31347563142728874,-0.4893310304092015,-0.486441803925412,-0.4631557824304136,-0.20710870214968147,-0.5084645367708767,-0.4336391161295241,0.06786957748926203,-0.23804131550021201,-0.19394532848475862,-0.21566554640687685,0.419251680374017,-0.31622776601683794,-0.1197675343951021,-0.22021898739653514
0.5224254193811597,1.3058705389328826,-0.008568127213231393,-1.0515852478412402,3.459672651497146,-0.6248595347774147,-0.4915390606236515,-0.3217932914560607,-0.5096003062743698,-0.5124513749882214,-0.46864033110930603,-0.22053905613735092,-0.6007624155956632,-0.46785637181446005,-0.261497489738039,-0.2040995299999461,-0.17047846522395307,-0.21566554640687685,0.419251680374017,-0.31622776601683794,-0.1197675343951021,-0.20710566832699362
0.5224254193811597,1.3058705389328826,-0.008568127213231393,-1.0515852478412402,1.1768974415650115,-0.6248595347774147,-0.4849156687688691,-0.32172841111262257,-0.5785158442159422,-0.5735173244400348,-0.5040405998548845,-0.2191560296100847,-0.5763229772589592,-0.5672493526135596,-0.35560236608869644,-0.2627262504094963,-0.17047846522395307,-0.21566554640687685,0.419251680374017,-0.31622776601683794,-0.1197675343951021,-0.26218160841906807
0.5224254193811597,0.13272005477357798,-0.008568127213231393,-1.0515852478412402,-0.42104520538748247,1.6003596718040265,-0.14054315584240368,-0.12046958576745254,-0.8024913425260521,-0.7668928310374437,-0.6346725774794133,0.05188384379367626,0.4865325963628083,-0.7953643905131325,-0.07328773703672413,-0.5095755995023392,-0.6163488671792586,-0.21566554640687685,-2.3852021275332596,3.1622776601683795,-0.1197675343951021,-0.5060893431125406
0.5224254193811597,-1.0404304293857267,-0.008568127213231393,-1.5445158327668214,0.7203423995785847,-0.6248595347774147,-0.41390062629938146,-0.30060337128915793,-0.6150005407732452,-0.5825641317662293,-0.5000518371793263,-0.22792075193950673,-0.5903626546013211,-0.6389426502391397,-0.3085499279133677,-0.4200927104561837,-0.40514709783200864,-0.21566554640687685,0.419251680374017,-0.31622776601683794,-0.1197675343951021,-0.4195414372535665
0.5224254193811597,0.13272005477357798,-0.008568127213231393,-1.5445158327668214,-0.6493227263806959,-0.6248595347774147,-0.4760113737587975,-0.31893855634478174,-0.5623004235238075,-0.5486386042929997,-0.4232681556748323,-0.2153402094324466,-0.5479836285493768,-0.5460672419514564,-0.3085499279133677,-0.25038378295485414,-0.14701160196314753,-0.21566554640687685,0.419251680374017,-0.31622776601683794,-0.1197675343951021,-0.24644562553561822
0.5020392462828037,0.13272005477357798,-0.008568127213231393,1.4130676767866661,0.4920648785853713,-0.6248595347774147,-0.13475317090974626,-0.13726061864924816,-0.809585589078861,-0.774808787447864,-0.6461402701716429,0.032021583305708534,0.5099320586000782,-0.8002525698966947,-0.2144450515627103,-0.5126612163659998,-0.6163488671792586,-0.21566554640687685,-2.3852021275332596,3.1622776601683795,-0.1197675343951021,-0.5165799983681739
0.5020392462828037,1.3058705389328826,-0.008568127213231393,1.4130676767866661,-0.8776002473739094,-0.6248595347774147,-0.13773589042050915,-0.13122674670949935,-0.01401651137100432,-0.023923779373714545,-0.027882055460132518,-0.04151210422231293,0.18285957532801764,0.17575391368790616,0.20902689201524818,0.17851696109396048,0.41619311629618577,-0.21566554640687685,0.419251680374017,-0.31622776601683794,-0.1197675343951021,0.20989787808442725
0.5020392462828037,0.13272005477357798,-0.008568127213231393,0.9201370918610848,0.4920648785853713,-0.6248595347774147,-0.45767642147204896,-0.30546939704701986,-0.5096003062743698,-0.5090588222408984,-0.44670213639373635,-0.20990808114462994,-0.5425237540273472,-0.4971854481158337,-0.16739261338738157,-0.20718514686360665,-0.10007787544153642,-0.21566554640687685,0.419251680374017,-0.31622776601683794,-0.1197675343951021,-0.1966150130713604
0.5020392462828037,-1.0404304293857267,-0.008568127213231393,0.9201370918610848,-1.3341552893603363,-0.6248595347774147,-0.4668877611376403,-0.30741580735016466,-0.4822367838563926,-0.46269393469415127,-0.43124568102594857,-0.2034261857337076,-0.5373238735301761,-0.4401566886409405,-0.261497489738039,-0.24112693236387253,-0.0531441489199253,-0.21566554640687685,0.419251680374017,-0.31622776601683794,-0.1197675343951021,-0.22546431502435177
0.4705951186856424,0.13272005477357798,-0.008568127213231393,0.42720650693550355,0.7203423995785847,1.6003596718040265,-0.4356569333190639,-0.2939985523271533,-0.44575208729908966,-0.45025457462063373,-0.3504732368458964,-0.20004360278147817,-0.49598482357766605,-0.4222333642345455,0.11492201566459075,-0.10535979036280892,0.08765703064490803,-0.21566554640687685,0.419251680374017,-0.31622776601683794,-0.1197675343951021,-0.07334981381766995
0.4705951186856424,1.3058705389328826,-0.008568127213231393,0.42720650693550355,-1.1058777683671228,-0.6248595347774147,0.26054489131077424,0.06882530424772093,0.09037025933461255,-0.23991630428660993,-0.25773450463916986,0.16304251805142184,1.0595594271510607,0.23278267316279938,-0.07328773703672413,1.0980307864648007,1.307933920206797,-0.21566554640687685,0.419251680374017,-0.31622776601683794,-0.1197675343951021,1.0753769366741688
0.4705951186856424,-1.0404304293857267,-0.008568127213231393,-0.0657240779900777,0.7203423995785847,-0.6248595347774147,-0.40074156963425095,-0.2771426391019195,-0.3960923614294272,-0.38918862516882036,-0.3514704275147859,-0.15875276260598822,-0.31658894642526403,-0.30328766590119677,-0.16739261338738157,-0.1886714456816434,-0.12354473870234196,-0.21566554640687685,0.419251680374017,-0.31622776601683794,-0.1197675343951021,-0.18350169400181884
0.4705951186856424,0.13272005477357798,-0.008568127213231393,-0.0657240779900777,-0.42104520538748247,-0.6248595347774147,0.14614882536857304,0.048738349919266816,1.6683333854379665,1.8589429953905305,2.289090463704697,0.10700494924182832,0.6706083659626644,2.1033259839392966,0.06786957748926203,0.9406643264181133,1.2140664671635748,-0.21566554640687685,-2.3852021275332596,3.1622776601683795,-0.1197675343951021,0.9389984183509367
0.4705951186856424,-1.0404304293857267,-0.008568127213231393,-0.5586546629156589,0.7203423995785847,1.6003596718040265,0.3440610376121359,0.13697561699516342,2.984822852880649,3.4127321536644484,2.942250351827341,0.1291500366482957,0.8162050198834544,2.613326032957627,0.49134152106722045,0.4191950764594824,1.143665877381158,-0.21566554640687685,-2.3852021275332596,-0.31622776601683794,8.34950811211569,0.5115042166838826
0.4705951186856424,0.13272005477357798,-0.008568127213231393,-0.5586546629156589,-0.6493227263806959,1.6003596718040265,7.301166569422202,3.7536654816119133,7.241370784565998,3.625332125830021,2.4012744139547695,1.5302558865902138,5.825769890858067,4.402399687341419,17.14790463513359,15.406036183258712,17.899006245596322,-0.21566554640687685,0.419251680374017,-0.31622776601683794,-0.1197675343951021,16.050787314090606
0.4705951186856424,-1.0404304293857267,-0.008568127213231393,-1.0515852478412402,1.1768974415650115,-0.6248595347774147,1.3350257315408975,0.47968656710420826,0.12685495589191553,0.1423113052451107,0.07233560676326553,0.09977322017154476,0.9670015543014155,-0.08983716615231077,-0.16739261338738157,-0.07758923858986408,0.06419016738410248,-0.21566554640687685,0.419251680374017,-0.31622776601683794,-0.1197675343951021,-0.06810448618985333
0.4705951186856424,0.13272005477357798,-0.008568127213231393,-1.0515852478412402,0.03550983659894439,-0.6248595347774147,-0.4889511128128425,-0.3201064025266686,-0.3819038683238094,-0.3405620357905245,-0.346983069504783,-0.2178896438742747,-0.5981624753470777,-0.4743739443258764,-0.35560236608869644,-0.32752420454636755,-0.28781278152798084,-0.21566554640687685,0.419251680374017,-0.31622776601683794,-0.1197675343951021,-0.33037086758068407
0.397019566685212,0.13272005477357798,-0.008568127213231393,-1.5445158327668214,0.9486199205717981,-0.6248595347774147,-0.4635541334491406,-0.3030428722024327,-0.39102504246313513,-0.3643099050217853,-0.3783945755748033,-0.20904160669381255,-0.5695631326126368,-0.48903848247656323,-0.35560236608869644,-0.25655501668217523,-0.19394532848475862,-0.21566554640687685,0.419251680374017,-0.31622776601683794,-0.1197675343951021,-0.25955894460515977
0.397019566685212,1.3058705389328826,-0.008568127213231393,-1.5445158327668214,-0.42104520538748247,-0.6248595347774147,-0.4659227636488641,-0.31403360238085687,-0.36062112866538265,-0.33038437754855565,-0.3464844741703383,-0.20779188392821057,-0.5256241424115412,-0.4222333642345455,-0.3085499279133677,-0.25038378295485414,-0.19394532848475862,-0.21566554640687685,0.419251680374017,-0.31622776601683794,-0.1197675343951021,-0.25169095316343487
0.397019566685212,0.13272005477357798,-0.008568127213231393,1.4130676767866661,0.7203423995785847,1.6003596718040265,-0.5011890355114138,-0.3309933241555917,-0.453859797645157,-0.4072822398212095,-0.41778360699593986,-0.22618780303787195,-0.6103821945154297,-0.5330320969286237,-0.3085499279133677,-0.38923654181957834,-0.3112796447887864,-0.21566554640687685,0.419251680374017,-0.31622776601683794,-0.1197675343951021,-0.3828241438588502
0.397019566685212,-1.0404304293857267,-0.008568127213231393,1.4130676767866661,-0.42104520538748247,1.6003596718040265,-0.3588080423947017,-0.269759256018657,-0.3089344752092034,-0.264795024433645,-0.31457437276587324,-0.17105003461951188,-0.31580896435068834,-0.3766103566546309,-0.16739261338738157,-0.33369543827368864,-0.40514709783200864,-0.21566554640687685,0.419251680374017,-0.31622776601683794,-0.1197675343951021,-0.33823885902240897
0.397019566685212,-1.0404304293857267,-0.008568127213231393,0.9201370918610848,0.7203423995785847,-0.6248595347774147,0.5665368222972758,0.1765656025611282,-0.050501207928307305,-0.07255036875201036,-0.16399858176355375,0.055882956643602655,0.4636531221752556,-0.0833195936408944,-0.07328773703672413,0.045835435956557403,0.15805762042732469,-0.21566554640687685,0.419251680374017,-0.31622776601683794,-0.1197675343951021,0.05253804924992881
0.397019566685212,1.3058705389328826,-0.008568127213231393,0.9201370918610848,-0.6493227263806959,-0.6248595347774147,-0.38319616074741025,-0.26647631064068616,-0.17313032691257565,-0.17885035483479658,-0.19590868316801882,-0.18411380326260474,-0.42084655039354407,-0.1599010706500367,-0.07328773703672413,0.1445751755936946,0.3457925265137691,-0.21566554640687685,0.419251680374017,-0.31622776601683794,-0.1197675343951021,0.1574446018062611
0.397019566685212,0.13272005477357798,-0.008568127213231393,0.42720650693550355,0.9486199205717981,1.6003596718040265,0.0678963017332636,-0.03041566907528748,1.5102330336896537,1.7221100345818376,0.8336906824604239,0.03602069615563492,0.5458112340305586,1.9957860375009266,0.16197445383991949,0.18160257795762103,0.5569942958610191,-0.21566554640687685,-2.3852021275332596,3.1622776601683795,-0.1197675343951021,0.2256338609678771
0.397019566685212,1.3058705389328826,-0.008568127213231393,0.42720650693550355,-1.1058777683671228,-0.6248595347774147,1.7645373410907572,0.6767541222632733,0.7025023904626959,0.17962938546566332,-0.0034508840723389647,0.4201021594506485,2.2856912483839995,0.5912491612906995,0.11492201566459075,1.7768664964701189,0.721262338686658,-0.21566554640687685,0.419251680374017,-0.31622776601683794,-0.1197675343951021,1.597287035641922
0.397019566685212,0.13272005477357798,-0.008568127213231393,-0.0657240779900777,0.9486199205717981,1.6003596718040265,-0.45188643653939153,-0.3047427372005125,-0.3292037510743718,-0.2602716207705477,-0.31956032611032087,-0.20255971128289021,-0.49260490125450485,-0.3505400666089654,1.0559707791711652,-0.40775024300154156,-0.45208082435361974,-0.21566554640687685,0.419251680374017,-0.31622776601683794,-0.1197675343951021,-0.33823885902240897
0.397019566685212,-1.0404304293857267,-0.008568127213231393,-0.0657240779900777,-0.42104520538748247,1.6003596718040265,0.7840998924941002,0.2683712885261236,-0.06468970103392513,-0.03862484127878072,-0.15951122375355087,0.11820246522162221,0.8255648047783624,-0.05073173108381257,-0.261497489738039,-0.16398651077235912,0.11112389390571359,-0.21566554640687685,0.419251680374017,-0.31622776601683794,-0.1197675343951021,-0.14153907297928595
0.397019566685212,-1.0404304293857267,-0.008568127213231393,-0.5586546629156589,1.1768974415650115,1.6003596718040265,1.1539571118287018,0.460027823042446,0.4866346024986533,0.5946516715548392,0.4113804341857067,0.1808718961740103,1.0668392598471002,0.4771916423409131,-0.16739261338738157,-0.23187008177289092,-0.40514709783200864,-0.21566554640687685,0.419251680374017,-0.31622776601683794,-0.1197675343951021,-0.25169095316343487
0.397019566685212,0.13272005477357798,-0.008568127213231393,-0.5586546629156589,-1.5624328103535496,-0.6248595347774147,-0.4302178565641433,-0.2865502889004526,-0.24508625623392322,-0.23426204970773834,-0.29313477338474825,-0.20849172867694768,-0.5609833297923045,-0.3375049215861327,0.11492201566459075,-0.037476219362277095,-0.029677285659119746,-0.21566554640687685,0.419251680374017,-0.31622776601683794,-0.1197675343951021,-0.028764528981228717
0.397019566685212,1.3058705389328826,-0.008568127213231393,-1.0515852478412402,1.1768974415650115,-0.6248595347774147,-0.4106547256553159,-0.27894631264950037,-0.2004938493305529,-0.17658865300324794,-0.20538199452246936,-0.19839396873088355,-0.4970247996771003,-0.25277647893771993,0.06786957748926203,-0.08376047231718516,0.3223256632529636,-0.21566554640687685,0.419251680374017,-0.31622776601683794,-0.1197675343951021,-0.03138719279513702
0.397019566685212,0.13272005477357798,-0.008568127213231393,-1.0515852478412402,-0.19276768439426906,1.6003596718040265,-0.4278492263644198,-0.2842924529488047,-0.22887083554178855,-0.18789716216099114,-0.20239042251580078,-0.1829640583182509,-0.4520458333765705,-0.25114708580986583,-0.35560236608869644,-0.15781527704503803,-0.28781278152798084,-0.21566554640687685,0.419251680374017,-0.31622776601683794,-0.1197675343951021,-0.18612435781572717
0.397019566685212,-1.0404304293857267,-0.008568127213231393,-1.5445158327668214,1.1768974415650115,-0.6248595347774147,0.6219803143796923,0.15302701396176402,0.037670142085174906,0.0258336609203556,-0.09419523494128645,0.01864121822866316,0.5822103975107561,0.03562610469245429,0.25607933019057694,0.16926011050297887,0.3692593897745747,-0.21566554640687685,0.419251680374017,-0.31622776601683794,-0.1197675343951021,0.19940722282879403
0.3001543563269627,0.13272005477357798,-0.008568127213231393,-1.5445158327668214,-1.1058777683671228,-0.6248595347774147,-0.4692563913373638,-0.31656393577494507,-0.4194020286743708,-0.36883330868488257,-0.3858735055914748,-0.2206390339585991,-0.5778829414081105,-0.5004442343715418,-0.261497489738039,-0.36455160691029403,-0.2643459182671753,-0.21566554640687685,0.419251680374017,-0.31622776601683794,-0.1197675343951021,-0.3539748419058588
0.3001543563269627,0.13272005477357798,-0.008568127213231393,1.4130676767866661,0.7203423995785847,1.6003596718040265,-0.4605714139383777,-0.3106338723846973,-0.3819038683238094,-0.32925352663278135,-0.31856313544143133,-0.2051258086949263,-0.517564327640926,-0.414086398595275,-0.35560236608869644,-0.3491235225919913,-0.4286139610928142,-0.21566554640687685,0.419251680374017,-0.31622776601683794,-0.1197675343951021,-0.36446549716149207
0.3001543563269627,1.3058705389328826,-0.008568127213231393,1.4130676767866661,-1.1058777683671228,-0.6248595347774147,1.0767573127266026,0.3314220062793267,0.43393448524921563,0.09707726861413785,-0.04882305950681271,0.0074770281892853245,0.7777259042043885,0.34684019211258577,-0.02623529886139541,1.0795170852828373,0.7681960652082692,-0.21566554640687685,0.419251680374017,-0.31622776601683794,-0.1197675343951021,1.0019423498847362
0.3001543563269627,1.3058705389328826,-0.008568127213231393,0.9201370918610848,1.1768974415650115,1.6003596718040265,-0.5000485839337692,-0.3320962899940404,-0.40420007177549455,-0.3405620357905245,-0.3858735055914748,-0.23045352341112676,-0.6233818957583573,-0.46622697868660595,-0.2144450515627103,-0.4231783273198442,-0.40514709783200864,-0.21566554640687685,0.419251680374017,-0.31622776601683794,-0.1197675343951021,-0.4169187734396582
0.3001543563269627,-1.0404304293857267,-0.008568127213231393,0.9201370918610848,-1.1058777683671228,-0.6248595347774147,-0.29810092764623297,-0.222176012141111,-0.17110339932605884,-0.11778440538298322,-0.09469383027573122,-0.1343248482810212,-0.2508104581360499,-0.23322376140347084,-0.261497489738039,-0.3213529708190465,-0.07661101218073085,-0.21566554640687685,0.419251680374017,-0.31622776601683794,-0.1197675343951021,-0.29627623799987607
0.3001543563269627,0.13272005477357798,-0.008568127213231393,0.42720650693550355,0.4920648785853713,-0.6248595347774147,-0.16844035597248036,-0.16711855269948905,0.5535232128537088,0.7201761232057889,0.35404197072455856,-0.04109552996711227,0.24629811739350474,1.27233548873371,0.25607933019057694,-0.36455160691029403,-0.33474650804959194,-0.21566554640687685,-2.3852021275332596,3.1622776601683795,-0.1197675343951021,-0.33299353139459237
0.3001543563269627,-1.0404304293857267,-0.008568127213231393,0.42720650693550355,-1.1058777683671228,-0.6248595347774147,-0.3342444699531248,-0.2332575748003486,-0.018070366544037986,0.06428259205668252,6.755008874326471,-0.1611855562563601,-0.33816845048852395,-0.2022652919742431,0.8677610264698502,-0.05290430368057978,-0.4755476876144253,-0.21566554640687685,0.419251680374017,-0.31622776601683794,-0.1197675343951021,-0.04974583949249518
0.3001543563269627,-1.0404304293857267,-0.008568127213231393,-0.0657240779900777,0.2637873575921578,1.6003596718040265,-0.4655718554711273,-0.3089210313179299,-0.417375101087854,-0.35187054494826775,-0.3569549761936784,-0.19847728358192368,-0.5118444590940379,-0.44667426115235687,-0.261497489738039,-0.40775024300154156,-0.5459482773968419,-0.21566554640687685,0.419251680374017,-0.31622776601683794,-0.1197675343951021,-0.4221641010674748
0.3001543563269627,0.13272005477357798,-0.008568127213231393,-0.0657240779900777,-0.6493227263806959,1.6003596718040265,1.7119011144302352,0.45939199567675204,1.0906590232806692,0.6873814466483337,0.33060799000565455,0.11268702208276539,1.3601125198875488,0.5879903750349914,-0.07328773703672413,1.594815101514147,0.017256440862491364,-0.21566554640687685,0.419251680374017,-0.31622776601683794,-0.1197675343951021,1.3533793009484494
0.3001543563269627,-1.0404304293857267,-0.008568127213231393,-0.5586546629156589,0.4920648785853713,1.6003596718040265,2.322481343692291,1.0594313639302242,0.2677264231548354,0.2825368188011266,0.10723728017439918,0.3880259418001972,1.7324239634849976,0.15294240989794888,-0.02623529886139541,0.11063339009342868,0.4631268428177969,-0.21566554640687685,0.419251680374017,-0.31622776601683794,-0.1197675343951021,0.14433128273671958
0.24146688831654378,-1.0404304293857267,-0.008568127213231393,-0.5586546629156589,-1.1058777683671228,1.6003596718040265,2.7225166663122584,0.8406807979941264,1.988587944107626,1.9120929884319238,1.580586493458684,0.23627627211569882,1.7033046327008396,1.078437706519073,0.6795512737685354,1.09494516960114,0.08765703064490803,-0.21566554640687685,0.419251680374017,-0.31622776601683794,-0.1197675343951021,0.9783383755595613
0.20081809468406417,1.3058705389328826,-0.008568127213231393,-0.0657240779900777,0.9486199205717981,-0.6248595347774147,-0.3759148160593714,-0.26936997395802803,0.08124908519528681,0.14570385799243366,-0.12211657367019338,-0.19344506657909966,-0.44684595287939943,-0.12568381496510078,-0.3085499279133677,-0.11153102409012998,-0.006210422398314191,-0.21566554640687685,0.419251680374017,-0.31622776601683794,-0.1197675343951021,-0.11268977102629456
0.20081809468406417,0.13272005477357798,-0.008568127213231393,-0.0657240779900777,-1.1058777683671228,-0.6248595347774147,-0.4527637069837336,-0.30705247742691094,-0.03225885964965581,0.09029216311949192,-0.1261053363457515,-0.2035594894953718,-0.5089845248205938,-0.19737711259068083,0.49134152106722045,-0.41083585986520205,-0.4755476876144253,-0.21566554640687685,0.419251680374017,-0.31622776601683794,-0.1197675343951021,-0.37495615241712527
0.20081809468406417,0.13272005477357798,-0.008568127213231393,-0.5586546629156589,1.1768974415650115,-0.6248595347774147,0.18825780669699066,0.02064516121054386,2.853072559757055,3.254413025456043,3.205010093079733,0.1444299803290561,1.0761990447420082,4.376329397295754,1.3382854082231375,-0.25038378295485414,-0.3112796447887864,-0.21566554640687685,-2.3852021275332596,3.1622776601683795,-0.1197675343951021,-0.17301103874618562
0.20081809468406417,1.3058705389328826,-0.008568127213231393,-0.5586546629156589,-0.8776002473739094,1.6003596718040265,-0.513734002865505,-0.340569662847064,-0.20758809588336183,-0.09969079073059407,-0.28116848535807387,-0.23946819029366917,-0.6645909486984382,-0.39453368106102593,-0.35560236608869644,-0.47563381400207333,-0.5224814141360364,-0.21566554640687685,0.419251680374017,-0.31622776601683794,-0.1197675343951021,-0.4824853687873659
0.20081809468406417,-1.0404304293857267,-0.3115126251096299,-1.0515852478412402,1.1768974415650115,-0.6248595347774147,5.482058576034561,3.2082423864646836,0.8636431335907842,0.9486080081922019,0.4637329443024072,1.5094271738301805,4.170127940558797,0.6417603482541764,0.7266037119438641,0.07669160459316277,0.3927262530353802,-0.21566554640687685,-2.3852021275332596,-0.31622776601683794,8.34950811211569,0.14957661036453618
0.19593776839688196,-1.0404304293857267,-0.3115126251096299,-1.0515852478412402,0.2637873575921578,1.6003596718040265,-0.3585448612613991,-0.23360792865491467,0.11773378175258979,0.16153577081327417,9.150759456333573,-0.18354726227553184,-0.48714502673247523,-0.05073173108381257,0.16197445383991949,0.0705203708658417,-0.5224814141360364,-0.21566554640687685,0.419251680374017,-0.31622776601683794,-0.1197675343951021,0.010575428227395895
0.19593776839688196,-1.0404304293857267,-0.3115126251096299,-1.0515852478412402,-1.1058777683671228,-0.6248595347774147,4.168258358587931,2.095207118714374,1.6470506457795397,1.8691206536324996,1.7351510471365617,0.5306942927213212,2.389688858327421,1.203900977363838,-0.02623529886139541,-0.0961029397718273,0.2753919367313525,-0.21566554640687685,0.419251680374017,-0.31622776601683794,-0.1197675343951021,-0.05236850330640348
0.19593776839688196,0.13272005477357798,-0.3115126251096299,-1.5445158327668214,0.9486199205717981,-0.6248595347774147,-0.4744322869589818,-0.3237397017592055,-0.1944130665710024,-0.09516738706749679,-0.263717648652507,-0.22523801373601443,-0.5823028398307059,-0.38964550167746365,-0.3085499279133677,-0.4293495610471653,-0.45208082435361974,-0.21566554640687685,0.419251680374017,-0.31622776601683794,-0.1197675343951021,-0.43265475632310807
0.19593776839688196,0.13272005477357798,-0.3115126251096299,-1.5445158327668214,-0.8776002473739094,-0.6248595347774147,-0.4817136316470207,-0.32372672569051786,-0.018070366544037986,0.07672195213020006,-0.13906881504131544,-0.2225719385027302,-0.5869827322781599,-0.2234474026363463,-0.3085499279133677,-0.33369543827368864,-0.24087905500636975,-0.21566554640687685,0.419251680374017,-0.31622776601683794,-0.1197675343951021,-0.32774820376677577
0.19593776839688196,0.13272005477357798,-0.3115126251096299,1.4130676767866661,0.7203423995785847,-0.6248595347774147,-0.0870296587375396,-0.12366169866460998,1.3308499422829139,1.5705760118680787,1.083486945017252,0.013342393702510695,0.4886125485616768,2.4520161133000724,-0.35560236608869644,-0.23187008177289092,-0.33474650804959194,-0.21566554640687685,-2.3852021275332596,3.1622776601683795,-0.1197675343951021,-0.25431361697734317
0.18333540684517097,-1.0404304293857267,-0.3115126251096299,1.4130676767866661,-0.8776002473739094,1.6003596718040265,-0.19195120388084685,-0.16724831338636537,0.4795403559458444,0.6523250682593297,0.6856078681303283,-0.01665095267193722,0.3029768148126694,0.6857539627062369,-0.3085499279133677,-0.44786326222912853,-0.5459482773968419,-0.21566554640687685,0.419251680374017,-0.31622776601683794,-0.1197675343951021,-0.4588813944621911
0.18333540684517097,-1.0404304293857267,-0.3115126251096299,0.9201370918610848,0.9486199205717981,-0.6248595347774147,0.6177694162468504,0.23180472696437698,0.7136504921885385,0.8287378111201238,0.504617761726878,0.404755563889056,2.1837735906394466,0.9953386569985143,0.16197445383991949,-0.15472966018137752,-0.3582133713103975,-0.21566554640687685,0.419251680374017,-0.31622776601683794,-0.1197675343951021,-0.1625203834905524
0.18333540684517097,0.13272005477357798,-0.3115126251096299,0.9201370918610848,-0.8776002473739094,-0.6248595347774147,-0.236867450631159,-0.19477055507283253,-0.05759545448111622,0.04392727557274474,0.13266564223108226,-0.08241969608301829,0.02010331576656302,0.26048235633631894,-0.16739261338738157,-0.3306098214100281,-0.21741219174556417,-0.21566554640687685,-2.3852021275332596,3.1622776601683795,-0.1197675343951021,-0.3146348846972342
0.18333540684517097,-1.0404304293857267,-0.3115126251096299,0.42720650693550355,0.7203423995785847,1.6003596718040265,-0.5086896978105382,-0.3331862797638015,-0.5450715390384144,-0.4762641456834431,3.2678331052197738,-0.2158400985386874,-0.5642332551030365,-0.4434154748966487,-0.35560236608869644,-0.5064899826386787,-0.5694151406576475,-0.21566554640687685,0.419251680374017,-0.31622776601683794,-0.1197675343951021,-0.5139573345542656
0.18333540684517097,-1.0404304293857267,-0.3115126251096299,-0.0657240779900777,3.231395130503932,1.6003596718040265,0.28651209646329845,-0.07454727868192342,0.009293155873939255,0.0631517411409082,-0.14953931706465554,-0.18776299373816258,-0.3620879007755109,-0.25114708580986583,0.30313176836590566,-0.23804131550021201,-0.4286139610928142,-0.21566554640687685,0.419251680374017,-0.31622776601683794,-0.1197675343951021,-0.2333323064660767
0.18333540684517097,-1.0404304293857267,-0.3115126251096299,-0.0657240779900777,0.9486199205717981,-0.6248595347774147,0.3012502399282446,-0.01031573867814574,0.4977827042244959,0.2644432041487374,0.31016558129341915,0.04701825649293249,0.9118828210314022,0.6254664169756354,4.490798765970162,0.8943800734632051,0.13459075716651914,-0.21566554640687685,0.419251680374017,-0.31622776601683794,-0.1197675343951021,1.0255463242099108
0.15065575360568506,-1.0404304293857267,-0.3115126251096299,-0.0657240779900777,0.7203423995785847,-0.6248595347774147,-0.5099617399548342,-0.3345876951820657,-0.7670201097620076,-0.7454066636377316,-0.5683593979982593,-0.22943708222843714,-0.6301417404046797,-0.7774410661067375,-0.12034017521205286,-0.37689407436493616,-0.5224814141360364,-0.21566554640687685,0.419251680374017,-0.31622776601683794,-0.1197675343951021,-0.3854468076727585
0.15065575360568506,-1.0404304293857267,-0.3115126251096299,-0.0657240779900777,-0.19276768439426906,-0.6248595347774147,-0.5394818904069436,-0.34474795696448146,-0.33528453383392226,-0.24104715520238426,-0.3444900928325592,-0.23375279151231604,-0.6805805812272392,-0.44667426115235687,-0.35560236608869644,-0.4818050477293944,-0.592882003918453,-0.21566554640687685,0.419251680374017,-0.31622776601683794,-0.1197675343951021,-0.4955986878569074
0.15065575360568506,0.13272005477357798,-0.3115126251096299,-0.0657240779900777,-1.1058777683671228,-0.6248595347774147,-0.4258315043424331,-0.2949458053413504,-0.17617071829235093,-0.13927057278269533,-0.201891827181356,-0.20574233859262328,-0.5017046921245543,-0.25277647893771993,-0.12034017521205286,-0.11770225781745106,-0.029677285659119746,-0.21566554640687685,0.419251680374017,-0.31622776601683794,-0.1197675343951021,-0.11006710721238624
0.15065575360568506,-1.0404304293857267,-0.3115126251096299,-0.5586546629156589,0.7203423995785847,-0.6248595347774147,-0.5019347153891046,-0.33020178396564615,-0.3626480562518995,-0.27610353359138823,-0.32155470744809994,-0.2185228367421797,-0.5846427860544329,-0.4336391161295241,-0.35560236608869644,-0.49414751518403655,-0.5224814141360364,-0.21566554640687685,0.419251680374017,-0.31622776601683794,-0.1197675343951021,-0.4982213516708157
0.15065575360568506,0.13272005477357798,-0.3115126251096299,-0.5586546629156589,-1.1058777683671228,-0.6248595347774147,-0.4696072995151006,-0.30997209288162814,-0.32109604072830444,-0.2659258753494193,-0.28615443870252155,-0.21337397894789947,-0.5726830609109395,-0.38964550167746365,-0.3085499279133677,-0.33369543827368864,-0.10007787544153642,-0.21566554640687685,0.419251680374017,-0.31622776601683794,-0.1197675343951021,-0.3120122208833259
0.15065575360568506,-1.0404304293857267,-0.3115126251096299,-1.0515852478412402,1.1768974415650115,-0.6248595347774147,-0.45741324033874636,-0.31207421600902446,-0.23900547347437273,-0.16754184567705335,-0.2557401233013908,-0.22603783630599972,-0.5890626844770283,-0.29025252087836406,-0.35560236608869644,-0.3306098214100281,-0.14701160196314753,-0.21566554640687685,0.419251680374017,-0.31622776601683794,-0.1197675343951021,-0.3172575485111425
0.15065575360568506,-1.0404304293857267,-0.3115126251096299,-1.0515852478412402,-1.3341552893603363,-0.6248595347774147,-0.10562779215759072,-0.10761030169800936,0.23630904556382448,0.3775282957261696,0.30717400928675054,0.0517838659724281,0.5104520466497953,0.49837375300301634,-0.12034017521205286,-0.3861509249559178,-0.4755476876144253,-0.21566554640687685,0.419251680374017,-0.31622776601683794,-0.1197675343951021,-0.3880694714866668
0.15065575360568506,1.3058705389328826,-0.3115126251096299,-1.5445158327668214,1.405174962558225,-0.6248595347774147,-0.42898967794206444,-0.29654186178992914,-0.20556116829684498,-0.15057908194043854,-0.25224995596027744,-0.19751083130985814,-0.4585456839980343,-0.1843419675678481,-0.12034017521205286,-0.2658118672731568,-0.19394532848475862,-0.21566554640687685,0.419251680374017,-0.31622776601683794,-0.1197675343951021,-0.25431361697734317
0.15065575360568506,1.3058705389328826,-0.3115126251096299,-1.5445158327668214,-1.1058777683671228,-0.6248595347774147,-0.49412700843446045,-0.33048725747677404,-0.3677153752181916,-0.3179450174750381,-0.38687069626036436,-0.22323845731105124,-0.5872427263030184,-0.38964550167746365,-0.35560236608869644,-0.3614659900466335,-0.40514709783200864,-0.21566554640687685,0.419251680374017,-0.31622776601683794,-0.1197675343951021,-0.37233348860321697
0.15065575360568506,0.13272005477357798,-0.3115126251096299,1.4130676767866661,0.7203423995785847,-0.6248595347774147,-0.4592555082718646,-0.31740738023964116,-0.30994793900246187,-0.26705672626519367,-0.32454627945476855,-0.2200891559417342,-0.5524035269719723,-0.3440224940975491,-0.35560236608869644,-0.3120961202280649,-0.2643459182671753,-0.21566554640687685,0.419251680374017,-0.31622776601683794,-0.1197675343951021,-0.3146348846972342
0.10914209202357822,-1.0404304293857267,-0.3115126251096299,1.4130676767866661,-0.8776002473739094,-0.6248595347774147,-0.25020196138515793,-0.19953277228119343,-0.0879993682788687,0.03374961733077585,-0.018907339440126725,-0.05215974218524194,0.14230050745008327,0.07799032601666067,-0.35560236608869644,-0.5095755995023392,-0.6163488671792586,-0.21566554640687685,0.419251680374017,-0.31622776601683794,-0.1197675343951021,-0.5218253259959905
0.10914209202357822,0.13272005477357798,-0.3115126251096299,0.9201370918610848,0.2637873575921578,-0.6248595347774147,-0.31038271386702143,-0.23860371509965292,-0.018070366544037986,-0.02844718303681183,-0.09818399761684458,-0.15805291785725112,-0.3054092033563462,0.051920035970995204,0.16197445383991949,0.16000325991199726,0.3692593897745747,-0.21566554640687685,0.419251680374017,-0.31622776601683794,-0.1197675343951021,0.18629390375925248
0.10914209202357822,1.3058705389328826,-0.3115126251096299,0.9201370918610848,-1.3341552893603363,1.6003596718040265,-0.49149519710143436,-0.3231298265308868,-0.37987694073729256,-0.3405620357905245,-0.4008313656248178,-0.22223867909856965,-0.6077822542668442,-0.4336391161295241,-0.3085499279133677,-0.3306098214100281,-0.2643459182671753,-0.21566554640687685,0.419251680374017,-0.31622776601683794,-0.1197675343951021,-0.32774820376677577
0.10914209202357822,-1.0404304293857267,-0.3115126251096299,0.42720650693550355,1.1768974415650115,1.6003596718040265,2.18492533801946,0.9441779218466781,0.4612980076671929,0.4804357290616328,0.22191420709669546,0.2591711931815274,1.27899438413168,0.23767085254636164,0.06786957748926203,0.05509228654753901,0.017256440862491364,-0.21566554640687685,0.419251680374017,-0.31622776601683794,-0.1197675343951021,0.05253804924992881
0.10914209202357822,1.3058705389328826,-0.3115126251096299,0.42720650693550355,-1.1058777683671228,1.6003596718040265,-0.10615415442419594,-0.18859394637751975,0.05895288174360165,-0.11213015080411161,-0.24227804927138208,-0.1415899032917208,-0.10417382811582565,-0.032808406677417565,-0.16739261338738157,0.4654793294143904,0.040723304123296916,-0.21566554640687685,0.419251680374017,-0.31622776601683794,-0.1197675343951021,0.3908616812441005
0.10914209202357822,-1.0404304293857267,-0.3115126251096299,-0.0657240779900777,0.9486199205717981,-0.6248595347774147,1.942096879025585,0.6619614039593729,-0.04340696137549839,-0.1008216416463684,-0.19541008783357405,-0.243733910666924,-0.6803205872023806,-0.44667426115235687,-0.35560236608869644,-0.0961029397718273,-0.4755476876144253,-0.21566554640687685,0.419251680374017,-0.31622776601683794,-0.1197675343951021,-0.15465239204882747
0.10914209202357822,1.3058705389328826,-0.3115126251096299,-0.0657240779900777,-1.3341552893603363,-0.6248595347774147,-0.40644382752247415,-0.27968594856469536,-0.08597244069235187,-0.08951313248862519,-0.20538199452246936,-0.1804646127870469,-0.40914681927490915,-0.07354323487376985,-0.261497489738039,0.08903407204780492,0.017256440862491364,-0.21566554640687685,0.419251680374017,-0.31622776601683794,-0.1197675343951021,0.06302870450556204
0.10914209202357822,0.13272005477357798,-0.3115126251096299,-0.5586546629156589,1.1768974415650115,-0.6248595347774147,-0.34556125868513704,-0.254849753096568,-0.17921110967212617,-0.14492482736156695,-0.22781878457248386,-0.17768189676230647,-0.3769075601924485,-0.2755879827276772,0.20902689201524818,-0.0961029397718273,0.017256440862491364,-0.21566554640687685,0.419251680374017,-0.31622776601683794,-0.1197675343951021,-0.06810448618985333
0.10914209202357822,1.3058705389328826,-0.3115126251096299,-0.5586546629156589,-1.1058777683671228,1.6003596718040265,-0.4116197231440922,-0.2813079571506493,-0.16096876139347469,-0.1370088709511467,-0.2123623292046961,-0.1877130048275385,-0.454645773625156,-0.17619500192857762,-0.16739261338738157,-0.07758923858986408,-0.029677285659119746,-0.21566554640687685,0.419251680374017,-0.31622776601683794,-0.1197675343951021,-0.07859514144548656
0.10914209202357822,1.3058705389328826,-0.3115126251096299,-1.0515852478412402,1.1768974415650115,-0.6248595347774147,0.3700282427646601,-0.0026858102898182122,0.10354528864697196,0.146834708908208,-0.008935432751231395,-0.12564344080263934,0.028943112611753846,-0.11101927681441397,-0.2144450515627103,-0.11461664095379052,-0.21741219174556417,-0.21566554640687685,0.419251680374017,-0.31622776601683794,-0.1197675343951021,-0.13367108153756102
0.10914209202357822,1.3058705389328826,-0.3115126251096299,-1.0515852478412402,-1.1058777683671228,-0.6248595347774147,-0.4506582579173127,-0.3057418944894601,-0.13765909414853109,-0.08385887790975358,-0.17646346512467292,-0.2095081698596373,-0.5266641185109754,-0.21530043699707582,0.020817139313933312,-0.22261323118190932,-0.17047846522395307,-0.21566554640687685,0.419251680374017,-0.31622776601683794,-0.1197675343951021,-0.20710566832699362
0.10914209202357822,-1.0404304293857267,-0.3115126251096299,-1.5445158327668214,1.1768974415650115,-0.6248595347774147,-0.4200415194097757,-0.28364364951442306,-0.2643420683058331,-0.1652801438455047,-0.23828928659582396,-0.16461812811921359,-0.3735276378692873,-0.3537988528646736,-0.35560236608869644,-0.48489066459305497,-0.5694151406576475,-0.21566554640687685,0.419251680374017,-0.31622776601683794,-0.1197675343951021,-0.4955986878569074
0.10914209202357822,1.3058705389328826,-0.3115126251096299,-1.5445158327668214,-1.1058777683671228,-0.6248595347774147,-0.4584659648719568,-0.31573346737893665,-0.26636899589234997,-0.21051418047647757,-0.27717972268251573,-0.21140774846335234,-0.5160043634917747,-0.3440224940975491,-0.261497489738039,-0.29358241904610166,-0.33474650804959194,-0.21566554640687685,0.419251680374017,-0.31622776601683794,-0.1197675343951021,-0.30152156562769267
0.10914209202357822,1.3058705389328826,-0.3115126251096299,1.4130676767866661,0.4920648785853713,-0.6248595347774147,-0.4825031750469285,-0.32521897358959556,-0.3525134183193153,-0.28967374458068007,-0.34199711616033535,-0.22232199394960978,-0.5794429055572617,-0.43200972300167,-0.261497489738039,-0.37072284063761507,-0.3582133713103975,-0.21566554640687685,0.419251680374017,-0.31622776601683794,-0.1197675343951021,-0.36971082478930867
0.10914209202357822,1.3058705389328826,-0.3115126251096299,1.4130676767866661,-1.1058777683671228,1.6003596718040265,-0.4389028339631294,-0.3030428722024327,-0.28359788037774303,-0.21277588230802622,-0.21485530587691992,-0.19162880282642475,-0.4328062755370375,-0.31143463154046724,-0.2144450515627103,-0.35220913945565185,-0.3112796447887864,-0.21566554640687685,0.419251680374017,-0.31622776601683794,-0.1197675343951021,-0.3461068504641339
0.10914209202357822,-1.0404304293857267,-0.3115126251096299,0.9201370918610848,0.9486199205717981,1.6003596718040265,1.6978647873207626,0.5674047914325996,0.7177043473615722,0.9248601389609411,0.6970755608225578,0.027722536992037666,0.4553333133797819,0.42668045537743626,-0.35560236608869644,-0.4787194308657339,-0.5459482773968419,-0.21566554640687685,0.419251680374017,-0.31622776601683794,-0.1197675343951021,-0.4877306964151825
0.10914209202357822,1.3058705389328826,-0.3115126251096299,0.9201370918610848,-0.8776002473739094,-0.6248595347774147,1.4627563082370976,0.523649487817905,0.6386541714874158,0.7032133594691741,0.3116613672967534,0.0965406039511876,0.8713237531534678,0.13501908549155386,0.06786957748926203,0.021150501047273104,-0.10007787544153642,-0.21566554640687685,0.419251680374017,-0.31622776601683794,-0.1197675343951021,0.010575428227395895
-0.007800410022445963,1.3058705389328826,-0.3115126251096299,0.42720650693550355,0.9486199205717981,-0.6248595347774147,-0.47346728947020555,-0.32107960767824095,-0.17313032691257565,-0.09064398340439951,-0.24377383527471638,-0.22395496502999637,-0.5807428756815546,-0.4352685092573782,-0.35560236608869644,-0.3738084575012756,-0.24087905500636975,-0.21566554640687685,0.419251680374017,-0.31622776601683794,-0.1197675343951021,-0.36446549716149207
-0.007800410022445963,0.13272005477357798,-0.3115126251096299,0.42720650693550355,-1.1058777683671228,-0.6248595347774147,-0.4696072995151006,-0.315370137455683,-0.22785737174853016,-0.16754184567705335,-0.2806698900236291,-0.22382166126833217,-0.6075222602419856,-0.46622697868660595,-0.261497489738039,-0.32443858768270706,-0.3112796447887864,-0.21566554640687685,0.419251680374017,-0.31622776601683794,-0.1197675343951021,-0.32512553995286747
-0.007800410022445963,1.3058705389328826,-0.3115126251096299,-0.0657240779900777,1.1768974415650115,-0.6248595347774147,-0.3184536019549682,-0.23787705525314554,-0.16096876139347469,-0.14944823102466423,-0.24726400261582976,-0.1644348354469253,-0.3418083668365437,-0.3358755284582786,-0.261497489738039,0.002636799865309883,0.3927262530353802,-0.21566554640687685,0.419251680374017,-0.31622776601683794,-0.1197675343951021,0.031556738738662354
-0.007800410022445963,0.13272005477357798,-0.3115126251096299,-0.0657240779900777,-0.6493227263806959,1.6003596718040265,-0.11948866517819486,-0.11950935668456777,0.21705323349191458,0.2949761788746441,0.22340999310002976,-0.035396794155967165,0.15062031624555697,0.19204784496644708,0.49134152106722045,-0.034390602498616564,0.510060569339408,-0.21566554640687685,0.419251680374017,-0.31622776601683794,-0.1197675343951021,0.05516071306383712
-0.007800410022445963,-1.0404304293857267,-0.3115126251096299,-0.5586546629156589,0.7203423995785847,-0.6248595347774147,-0.021234375411887052,-0.1477063539427918,-0.1700899355328004,-0.08046632516243062,-0.17147751178022524,-0.1598025297290939,-0.3277686894941818,-0.3358755284582786,-0.35560236608869644,-0.44169202850180744,-0.5224814141360364,-0.21566554640687685,0.419251680374017,-0.31622776601683794,-0.1197675343951021,-0.4536360668343745
-0.007800410022445963,1.3058705389328826,-0.3115126251096299,-1.0515852478412402,1.1768974415650115,-0.6248595347774147,-0.46539640138225885,-0.313994674174794,-0.35048649073279853,-0.29193544641222874,-0.32703925612699236,-0.20704205026884936,-0.5227642081380971,-0.46785637181446005,-0.261497489738039,-0.3954077755468994,-0.49901455087523083,-0.21566554640687685,0.419251680374017,-0.31622776601683794,-0.1197675343951021,-0.40642811818402497
-0.007800410022445963,1.3058705389328826,-0.3115126251096299,-1.0515852478412402,-0.6493227263806959,1.6003596718040265,-0.45469370196128606,-0.30339322605699875,-0.3717692303912252,-0.3190758683908124,-0.37340862223035565,-0.1997270063475257,-0.517564327640926,-0.48089151683729275,-0.261497489738039,-0.3460379057283308,-0.3112796447887864,-0.21566554640687685,0.419251680374017,-0.31622776601683794,-0.1197675343951021,-0.3434841866502256
-0.007800410022445963,1.3058705389328826,-0.3115126251096299,-1.5445158327668214,0.4920648785853713,-0.6248595347774147,1.870511610767275,0.9746197789878625,1.674414168197517,0.5991750752179366,0.21144370507335536,1.0291337205540214,3.9995718602515855,1.9827508924780939,0.585446397417878,3.6806921013486695,0.4631268428177969,-0.21566554640687685,0.419251680374017,-0.31622776601683794,-0.1197675343951021,3.212847945009439
-0.007800410022445963,1.3058705389328826,-0.3115126251096299,-1.5445158327668214,-1.1058777683671228,1.6003596718040265,-0.47083547813717946,-0.3160708451648151,-0.4062269993620114,-0.35752479952713934,-0.41229905831704744,-0.20425933424410891,-0.5110644770194622,-0.50370302062725,-0.261497489738039,-0.37689407436493616,-0.49901455087523083,-0.21566554640687685,0.419251680374017,-0.31622776601683794,-0.1197675343951021,-0.3906921353005751
-0.10089726717160521,1.3058705389328826,-0.3115126251096299,-1.5445158327668214,-1.1058777683671228,-0.6248595347774147,-0.47890636622512617,-0.31729059562145245,-0.19745345795077765,-0.10421419439369137,-0.2662106253247309,-0.20514247166513433,-0.5331639691324392,-0.4434154748966487,-0.261497489738039,-0.4509488790927891,-0.40514709783200864,-0.21566554640687685,0.419251680374017,-0.31622776601683794,-0.1197675343951021,-0.44314541157874127
-0.10089726717160521,0.13272005477357798,-0.6144571230060284,1.4130676767866661,1.405174962558225,-0.6248595347774147,-0.4483773547620234,-0.30326346537012244,-0.20758809588336183,-0.1652801438455047,-0.27219376933806805,-0.19931043209232502,-0.503004662248847,-0.4124570054674209,-0.3085499279133677,-0.30901050336440433,-0.24087905500636975,-0.21566554640687685,0.419251680374017,-0.31622776601683794,-0.1197675343951021,-0.3067668932555093
-0.19294392752478853,1.3058705389328826,-0.6144571230060284,0.42720650693550355,0.2637873575921578,1.6003596718040265,-0.44969326042853647,-0.30001944819821447,-0.35454034590583217,-0.31115991198039217,-0.35246761818367545,-0.20112669584499993,-0.5235441902126727,-0.39616307418888,-0.2144450515627103,-0.2534693998185147,-0.12354473870234196,-0.21566554640687685,0.419251680374017,-0.31622776601683794,-0.1197675343951021,-0.24120029790780162
-0.19294392752478853,1.3058705389328826,-0.6144571230060284,-0.0657240779900777,0.9486199205717981,-0.6248595347774147,1.0971099870353378,0.3344713824209202,0.7673640732312346,0.42841658693601403,0.3475602313767766,0.25168951955812346,1.6991447283031027,0.793293909144607,0.39723664471656306,1.3510513692849646,0.721262338686658,-0.21566554640687685,0.419251680374017,-0.31622776601683794,-0.1197675343951021,1.2510954122060254
-0.19294392752478853,1.3058705389328826,-0.6144571230060284,-0.0657240779900777,-0.8776002473739094,1.6003596718040265,-0.43846419874095843,-0.292986418969518,-0.24609972002718164,-0.2229535405499951,-0.2881488200403006,-0.19964369149648556,-0.5196442798397944,-0.2967700933897804,-0.02623529886139541,-0.12387349154477213,0.15805762042732469,-0.21566554640687685,0.419251680374017,-0.31622776601683794,-0.1197675343951021,-0.08908579670111978
-0.19294392752478853,1.3058705389328826,-0.6144571230060284,-0.5586546629156589,0.9486199205717981,-0.6248595347774147,0.3166901997486644,0.054992815026705374,0.12381456451214029,0.12874109425581884,0.0060224272821115974,-0.09391714552655665,0.0029437101258984765,-0.12731320809295488,0.585446397417878,0.06126352027486009,0.11112389390571359,-0.21566554640687685,0.419251680374017,-0.31622776601683794,-0.1197675343951021,0.09712333408637004
-0.24557731988781686,1.3058705389328826,-0.6144571230060284,-0.5586546629156589,-0.6493227263806959,-0.6248595347774147,-0.4247787798092227,-0.283293295659857,-0.2379920096811143,-0.201467373150283,-0.2761825320136262,-0.20004360278147817,-0.5347239332815905,-0.40268064670029635,-0.3085499279133677,-0.22261323118190932,-0.029677285659119746,-0.21566554640687685,0.419251680374017,-0.31622776601683794,-0.1197675343951021,-0.20972833214090192
-0.24557731988781686,1.3058705389328826,-0.6144571230060284,-1.0515852478412402,0.9486199205717981,-0.6248595347774147,-0.49610086693423006,-0.3264646761836082,-0.36568844763167474,-0.31229076289616653,-0.3803889569125824,-0.22187209375399305,-0.604402331943683,-0.502073627499396,-0.35560236608869644,-0.3984933924105599,-0.40514709783200864,-0.21566554640687685,0.419251680374017,-0.31622776601683794,-0.1197675343951021,-0.40380545437011667
-0.24557731988781686,1.3058705389328826,-0.6144571230060284,-1.0515852478412402,-1.5624328103535496,-0.6248595347774147,-0.4826786291357969,-0.3143709801667353,-0.33528453383392226,-0.27610353359138823,-0.3514704275147859,-0.2133239900372754,-0.5906226486261796,-0.44504486802450277,-0.35560236608869644,-0.3552947563193124,-0.17047846522395307,-0.21566554640687685,0.419251680374017,-0.31622776601683794,-0.1197675343951021,-0.3408615228363173
-0.24557731988781686,0.13272005477357798,-0.6144571230060284,-1.5445158327668214,-1.3341552893603363,-0.6248595347774147,-0.17001944277229603,-0.16554844838828559,0.7187178111548306,0.8988505678981318,0.662672482745869,-0.02556564173323146,0.30401679091210365,1.627543190605902,-0.261497489738039,-0.38306530809225725,-0.40514709783200864,-0.21566554640687685,-2.3852021275332596,3.1622776601683795,-0.1197675343951021,-0.3854468076727585
-0.24557731988781686,0.13272005477357798,-0.6144571230060284,1.4130676767866661,-1.3341552893603363,-0.6248595347774147,-0.40881245772219765,-0.282449851195161,-0.25218050278673215,-0.2376546024550613,-0.26770641132806516,-0.20415935642286076,-0.5136644172680477,-0.3652046047596523,-0.3085499279133677,-0.11461664095379052,0.22845821020974136,-0.21566554640687685,0.419251680374017,-0.31622776601683794,-0.1197675343951021,-0.08908579670111978
-0.24557731988781686,1.3058705389328826,-0.6144571230060284,0.9201370918610848,1.405174962558225,-0.6248595347774147,-0.49373223673450656,-0.3271913360301156,-0.4062269993620114,-0.36770245776910826,-0.4098060816448236,-0.22600451036558367,-0.6107721855527175,-0.50370302062725,-0.261497489738039,-0.3306098214100281,-0.4286139610928142,-0.21566554640687685,0.419251680374017,-0.31622776601683794,-0.1197675343951021,-0.3434841866502256
-0.24557731988781686,1.3058705389328826,-0.6144571230060284,0.9201370918610848,-0.42104520538748247,-0.6248595347774147,-0.49197769584582246,-0.32314280259957445,-0.3960923614294272,-0.3609173522744623,-0.3759015989025795,-0.2255212842295509,-0.6224719166713525,-0.4743739443258764,-0.16739261338738157,-0.30901050336440433,-0.2643459182671753,-0.21566554640687685,0.419251680374017,-0.31622776601683794,-0.1197675343951021,-0.30152156562769267
-0.24557731988781686,1.3058705389328826,-0.6144571230060284,0.42720650693550355,0.4920648785853713,1.6003596718040265,-0.3319635667978355,-0.23984941769366558,-0.10522825276426179,-0.11099929988833729,-0.11413904831907712,-0.17724865953689778,-0.3938071718082545,-0.17782439505643172,0.8207085882945215,0.20011627913958424,0.3927262530353802,-0.21566554640687685,0.419251680374017,-0.31622776601683794,-0.1197675343951021,0.2597284905486851
-0.3341645084424913,-1.0404304293857267,-0.6144571230060284,-0.0657240779900777,0.4920648785853713,-0.6248595347774147,0.17667783683167582,0.03528216669019259,0.1369895938244997,0.08011450487752303,-0.018408744105681957,0.15992654262252087,1.051239618355587,0.14153665800297024,0.8207085882945215,0.3945101415501981,0.721262338686658,-0.21566554640687685,0.419251680374017,-0.31622776601683794,-0.1197675343951021,0.4616736042196248
-0.3341645084424913,1.3058705389328826,-0.6144571230060284,-0.0657240779900777,-0.8776002473739094,-0.6248595347774147,-0.39530249287933034,-0.27395052620476207,-0.2511670389934737,-0.2659258753494193,-0.22931457057581817,-0.18349727336490776,-0.43150630541274476,-0.20552407822995128,-0.07328773703672413,0.10137653950244707,0.2049913469489358,-0.21566554640687685,0.419251680374017,-0.31622776601683794,-0.1197675343951021,0.10499132552809497
-0.3341645084424913,1.3058705389328826,-0.6144571230060284,-0.5586546629156589,0.7203423995785847,-0.6248595347774147,-0.4605714139383777,-0.30722116631985014,-0.4629809717844827,-0.4400769163786648,-0.42027658366816373,-0.21107448905919182,-0.5576034074691433,-0.47600333745373047,-0.261497489738039,-0.2596406335458358,-0.24087905500636975,-0.21566554640687685,0.419251680374017,-0.31622776601683794,-0.1197675343951021,-0.26218160841906807
-0.3341645084424913,0.13272005477357798,-0.6144571230060284,-1.0515852478412402,0.7203423995785847,-0.6248595347774147,-0.3326653831533091,-0.23808467235214764,-0.19542653036426083,-0.20259822406605732,-0.13408286169686778,-0.15007135512760636,-0.3256887372953134,-0.16641864316145308,-0.12034017521205286,0.045835435956557403,0.13459075716651914,-0.21566554640687685,0.419251680374017,-0.31622776601683794,-0.1197675343951021,0.0472927216221122
-0.3341645084424913,1.3058705389328826,-0.6144571230060284,-1.5445158327668214,1.1768974415650115,1.6003596718040265,-0.4197783382764731,-0.2868227863428929,-0.44169823212605597,-0.4208524508105014,-0.37390721756480044,-0.1903457541204067,-0.45958566009746854,-0.44667426115235687,-0.07328773703672413,-0.24112693236387253,0.040723304123296916,-0.21566554640687685,0.419251680374017,-0.31622776601683794,-0.1197675343951021,-0.20448300451308532
-0.3341645084424913,-1.0404304293857267,-0.6144571230060284,-1.5445158327668214,-1.3341552893603363,-0.6248595347774147,-0.06527335171785716,-0.13697514513812026,-0.5906774097350431,-0.5452460515456767,-0.513513911209335,-3.797137453468068e-05,0.5676507321186771,-0.5297733106729156,-0.2144450515627103,-0.41083585986520205,-0.3112796447887864,4.636809247747853,-2.3852021275332596,-0.31622776601683794,-0.1197675343951021,-0.39593746292839177
-0.3341645084424913,1.3058705389328826,-0.6144571230060284,1.4130676767866661,1.1768974415650115,1.6003596718040265,-0.42398923640931485,-0.2916888121007548,-0.32717682348785493,-0.3337769302958786,-0.3285350421303267,-0.1872131157212977,-0.4452859887302481,-0.23648254765917903,-0.2144450515627103,-0.071418004862543,-0.17047846522395307,-0.21566554640687685,0.419251680374017,-0.31622776601683794,-0.1197675343951021,-0.0917084605150281
-0.3341645084424913,1.3058705389328826,-0.6144571230060284,1.4130676767866661,-1.3341552893603363,-0.6248595347774147,1.0936009052579698,0.45795165205242494,1.3896308422919021,1.0153282122228868,0.7848283396848368,0.6799445168746155,3.604380942466584,2.222271682272645,1.3853378463984662,1.9805172094717143,1.472201963032436,-0.21566554640687685,0.419251680374017,-0.31622776601683794,-0.1197675343951021,1.9251200123804604
-0.3341645084424913,1.3058705389328826,-0.6144571230060284,0.9201370918610848,1.1768974415650115,-0.6248595347774147,-0.4774150064697447,-0.321676506837872,-0.5420311476586391,-0.5067971204093498,-0.45816982908596593,-0.22212203830711347,-0.5841227980047158,-0.5591023869742892,-0.3085499279133677,-0.3738084575012756,-0.33474650804959194,-0.21566554640687685,0.419251680374017,-0.31622776601683794,-0.1197675343951021,-0.37233348860321697
-0.3341645084424913,1.3058705389328826,-0.6144571230060284,0.9201370918610848,0.03550983659894439,1.6003596718040265,-0.4251296879869595,-0.2874456376398992,-0.3575807372856074,-0.3620482031902367,-0.28864741537474536,-0.19596117508051167,-0.5056046024974326,-0.3440224940975491,0.20902689201524818,-0.07450362172620355,-0.10007787544153642,-0.21566554640687685,0.419251680374017,-0.31622776601683794,-0.1197675343951021,-0.06285915856203671
-0.3341645084424913,1.3058705389328826,-0.6144571230060284,0.42720650693550355,1.1768974415650115,-0.6248595347774147,2.9751705542827644,1.231377250110034,2.1010824251593103,0.941822902697556,0.6442244553714126,0.592547238133516,2.6975217837599486,1.860546407889037,1.761757351801096,4.5045518039460335,2.2231415873782137,-0.21566554640687685,0.419251680374017,-0.31622776601683794,-0.1197675343951021,4.175365564713788
-0.4162651873749615,0.13272005477357798,-0.6144571230060284,0.42720650693550355,0.2637873575921578,-0.6248595347774147,-0.36407166506075395,-0.2555374847370125,-0.25420743037324894,-0.24557055886548154,-0.18793115781690253,-0.1670675847397935,-0.3805474765404682,-0.22670618889205446,-0.2144450515627103,-0.07450362172620355,0.11112389390571359,-0.21566554640687685,0.419251680374017,-0.31622776601683794,-0.1197675343951021,-0.06285915856203671
-0.4162651873749615,1.3058705389328826,-0.6144571230060284,-0.0657240779900777,1.1768974415650115,1.6003596718040265,-0.37451118334842415,-0.2639200251092227,-0.28359788037774303,-0.2817577881702598,-0.28864741537474536,-0.17274965758073058,-0.3802874825156097,-0.22507679576420037,-0.16739261338738157,-0.040561836225937634,0.13459075716651914,-0.21566554640687685,0.419251680374017,-0.31622776601683794,-0.1197675343951021,-0.028764528981228717
-0.4162651873749615,-1.0404304293857267,-0.6144571230060284,-0.0657240779900777,-1.1058777683671228,1.6003596718040265,0.43003354115765524,0.16163014750166393,0.7845929577166276,0.8660558913406764,0.7040558955047846,0.3482514319136377,1.9123398286871167,1.5705144311310086,-0.07328773703672413,0.095205305775126,0.2753919367313525,-0.21566554640687685,-2.3852021275332596,3.1622776601683795,-0.1197675343951021,0.10761398934200327
-0.4162651873749615,1.3058705389328826,-0.6144571230060284,-0.5586546629156589,-0.19276768439426906,-0.6248595347774147,0.19843414385135824,-0.055991500458609865,0.07922215760876998,-0.14492482736156695,-0.201891827181356,-0.01571782634028773,0.5125319988486637,0.10080182980661795,-0.16739261338738157,0.681472509870628,-0.0531441489199253,-0.21566554640687685,0.419251680374017,-0.31622776601683794,-0.1197675343951021,0.5639574929620488
-0.4162651873749615,0.13272005477357798,-0.6144571230060284,-1.0515852478412402,1.405174962558225,-0.6248595347774147,-0.43407784651924824,-0.2944527147312204,-0.37987694073729256,-0.34960884311671914,-0.35545919019034405,-0.20009359169210228,-0.505344608472574,-0.3521694597368195,-0.261497489738039,-0.25038378295485414,-0.21741219174556417,-0.21566554640687685,0.419251680374017,-0.31622776601683794,-0.1197675343951021,-0.25169095316343487
-0.4162651873749615,-1.0404304293857267,-0.6144571230060284,-1.0515852478412402,0.03550983659894439,-0.6248595347774147,-0.3999520262343431,-0.26792963033370093,-0.3058940838294282,-0.2749726826756139,-0.2776783180169605,-0.1857634373131994,-0.4978047817516759,-0.33098734907471633,0.20902689201524818,-0.12695910840843266,0.25192507347054693,-0.21566554640687685,0.419251680374017,-0.31622776601683794,-0.1197675343951021,-0.06810448618985333
-0.4162651873749615,1.3058705389328826,-0.6144571230060284,-1.5445158327668214,1.1768974415650115,-0.6248595347774147,-0.43100739996405113,-0.2883799145854087,-0.36974230280470843,-0.3654407559375596,-0.346983069504783,-0.17901493437894858,-0.4346262337110474,-0.30328766590119677,-0.2144450515627103,-0.0961029397718273,-0.2643459182671753,-0.21566554640687685,0.419251680374017,-0.31622776601683794,-0.1197675343951021,-0.12318042628192778
-0.4375162284229448,0.13272005477357798,-0.6144571230060284,-1.5445158327668214,-1.1058777683671228,-0.6248595347774147,-0.3531935115509127,-0.25194311371053846,-0.24103240106088955,-0.29419714824377735,-0.2956277500569721,-0.16431819465546912,-0.3373884684139483,-0.20715347135780537,-0.261497489738039,0.2710854670037766,0.29885879999215803,-0.21566554640687685,0.419251680374017,-0.31622776601683794,-0.1197675343951021,0.24923783529305188
-0.4375162284229448,0.13272005477357798,-0.6144571230060284,1.4130676767866661,1.405174962558225,-0.6248595347774147,-0.38696842365808104,-0.27113471929954597,-0.3667019114249332,-0.35300139586404206,-0.2731909600069576,-0.17421599895903692,-0.38132745861504386,-0.32609916969115404,-0.3085499279133677,-0.10844540722646945,0.040723304123296916,-0.21566554640687685,0.419251680374017,-0.31622776601683794,-0.1197675343951021,-0.10482177958456963
-0.4375162284229448,1.3058705389328826,-0.6144571230060284,1.4130676767866661,-1.3341552893603363,-0.6248595347774147,-0.3089790811560742,-0.2308570020931367,-0.1488071958743737,-0.1958131185714114,-0.1545252704091032,-0.14543904940977495,-0.2424906493405762,-0.07191384174591577,0.8207085882945215,0.2371436815035107,0.6273948856434358,-0.21566554640687685,0.419251680374017,-0.31622776601683794,-0.1197675343951021,0.3174270944546679
-0.4375162284229448,-1.0404304293857267,-0.6144571230060284,0.9201370918610848,0.2637873575921578,-0.6248595347774147,-0.3521407870177023,-0.25377273939549455,-0.35454034590583217,-0.299851402822649,-0.2692021973313995,-0.150471266412599,-0.28434968734280336,-0.3016582727733427,-0.2144450515627103,-0.3306098214100281,-0.07661101218073085,-0.21566554640687685,0.419251680374017,-0.31622776601683794,-0.1197675343951021,-0.30152156562769267
-0.4375162284229448,1.3058705389328826,-0.6144571230060284,0.9201370918610848,-1.1058777683671228,-0.6248595347774147,-0.4691686642929296,-0.3122039766959008,-0.4700752183372916,-0.45025457462063373,-0.43573303903595145,-0.2094415179788052,-0.5604633417425874,-0.44504486802450277,-0.35560236608869644,-0.2843255684551201,-0.21741219174556417,-0.21566554640687685,0.419251680374017,-0.31622776601683794,-0.1197675343951021,-0.2857855827442428
-0.4375162284229448,0.13272005477357798,-0.6144571230060284,0.42720650693550355,-0.19276768439426906,-0.6248595347774147,-0.21037388321202957,-0.16928555617032356,-0.0190838303372964,0.06428259205668252,0.269779359203393,-0.06532348864958297,0.07262210878799087,0.37291048215825123,-0.3085499279133677,-0.15472966018137752,0.2049913469489358,-0.21566554640687685,-2.3852021275332596,3.1622776601683795,-0.1197675343951021,-0.1258030900958361
-0.4497479322819584,1.3058705389328826,-0.9174016209024269,-0.0657240779900777,1.6334524835514384,1.6003596718040265,-0.3867052425247784,-0.27018746628534884,-0.19339960277774398,-0.18337375849789386,-0.20986935253247227,-0.17759858191126632,-0.39432715985797157,-0.027920227293855286,-0.3085499279133677,-0.0004488169983506539,0.06419016738410248,-0.21566554640687685,0.419251680374017,-0.31622776601683794,-0.1197675343951021,-0.010405882283870564
-0.4497479322819584,-1.0404304293857267,-0.9174016209024269,-0.5586546629156589,1.1768974415650115,-0.6248595347774147,0.44898258275544317,0.2860187419413029,0.6812196508042693,0.7699335634998591,0.861113425854886,0.5257120646291212,1.9872181078463802,1.2674473093501475,0.06786957748926203,0.045835435956557403,0.13459075716651914,-0.21566554640687685,0.419251680374017,-0.31622776601683794,-0.1197675343951021,0.05778337687774543
-0.4821804803929794,1.3058705389328826,-0.9174016209024269,-0.5586546629156589,0.03550983659894439,-0.6248595347774147,-0.4275860452311172,-0.2888859812642263,-0.3069075476226866,-0.2817577881702598,-0.3265406607925476,-0.2046925714695176,-0.534463939256732,-0.19085954007926445,-0.3085499279133677,-0.17015774449968019,0.11112389390571359,-0.21566554640687685,0.419251680374017,-0.31622776601683794,-0.1197675343951021,-0.14940706442101084
-0.4821804803929794,1.3058705389328826,-0.9174016209024269,-1.0515852478412402,1.1768974415650115,-0.6248595347774147,-0.3217872296434679,-0.2335430483114765,-0.022124221717071648,-0.07028866692046172,-0.13009409902130964,-0.14205646645754555,-0.25341039838463547,0.20019481060571753,-0.16739261338738157,0.38525329095921645,0.4631268428177969,-0.21566554640687685,0.419251680374017,-0.31622776601683794,-0.1197675343951021,0.36988037073283403
-0.4821804803929794,1.3058705389328826,-0.9174016209024269,-1.0515852478412402,-1.3341552893603363,1.6003596718040265,-0.3699493770378456,-0.2630376524384637,-0.19035921139796874,-0.15170993285621287,-0.1884297531513473,-0.18636330424068834,-0.44008610823307703,-0.09635473866372714,0.20902689201524818,-0.12695910840843266,0.2753919367313525,-0.21566554640687685,0.419251680374017,-0.31622776601683794,-0.1197675343951021,-0.06548182237594502
-0.4821804803929794,-1.0404304293857267,-0.9174016209024269,-1.5445158327668214,-1.3341552893603363,-0.6248595347774147,-0.11808503246724761,-0.1882435925229537,-0.3484595631462817,-0.2908045954964544,-0.34997464151145163,-0.05066007486651955,0.4574132655786503,-0.21204165074136763,-0.16739261338738157,-0.4262639441835048,-0.4286139610928142,-0.21566554640687685,0.419251680374017,-0.31622776601683794,-0.1197675343951021,-0.4195414372535665
-0.6267369805449585,0.13272005477357798,-0.9174016209024269,1.4130676767866661,-1.1058777683671228,1.6003596718040265,-0.37047573930445077,-0.2589242386644844,-0.22177658898897964,-0.20825247864492893,-0.2507541699569431,-0.1766487926094088,-0.41850660416981705,-0.09309595240801895,-0.261497489738039,-0.04981868681691925,0.18152448368813026,-0.21566554640687685,0.419251680374017,-0.31622776601683794,-0.1197675343951021,-0.03663252042295364
-0.6267369805449585,-1.0404304293857267,-0.9174016209024269,0.9201370918610848,1.405174962558225,-0.6248595347774147,0.6282966615789549,0.32887869681655085,0.556563604233484,0.495136790966699,0.28124705189562266,0.5162641605211701,2.3231303879636314,0.9301629318843506,1.761757351801096,0.7030718279162518,1.143665877381158,-0.21566554640687685,0.419251680374017,-0.31622776601683794,-0.1197675343951021,0.8236012105389712
-0.6267369805449585,0.13272005477357798,-0.9174016209024269,0.9201370918610848,-1.1058777683671228,1.6003596718040265,0.17036148963241315,0.0638035656656074,1.847716476844706,1.993514254367675,2.575284185675993,0.06819689162733432,0.6196495370903878,2.6752429718160826,0.44428908289189173,0.8264965024626734,2.246608450639019,-0.21566554640687685,-2.3852021275332596,3.1622776601683795,-0.1197675343951021,0.9783383755595613
-0.6267369805449585,-1.0404304293857267,-0.9174016209024269,0.42720650693550355,-0.19276768439426906,1.6003596718040265,0.9356922252764036,0.199870621924115,-0.5957447287013352,-0.5418534987983538,-0.47312768911930897,-0.13015910572901454,-0.15201272868979954,-0.7464825966775097,-0.02623529886139541,-0.43552079477448635,-0.3816802345712031,4.636809247747853,-2.3852021275332596,-0.31622776601683794,-0.1197675343951021,-0.4142961096257499
-0.6267369805449585,-1.0404304293857267,-0.9174016209024269,0.42720650693550355,-0.6493227263806959,-0.6248595347774147,-0.21686568450016064,-0.19026785923822426,0.03564321449865808,0.1264793924242702,0.2348776857922594,-0.0843692635973574,0.049742634600438144,0.23441206629065348,-0.261497489738039,-0.2658118672731568,-0.029677285659119746,-0.21566554640687685,0.419251680374017,-0.31622776601683794,-0.1197675343951021,-0.24382296172170992
-0.6267369805449585,-1.0404304293857267,-0.9174016209024269,-0.0657240779900777,0.9486199205717981,1.6003596718040265,-0.31354088746665276,-0.23513910476005523,-0.25927474933954103,-0.18676631124521684,-0.26770641132806516,-0.12542682218993498,-0.18321201167282597,-0.09472534553587304,-0.35560236608869644,-0.37072284063761507,-0.2643459182671753,-0.21566554640687685,0.419251680374017,-0.31622776601683794,-0.1197675343951021,-0.36446549716149207
-0.713717985764611,1.3058705389328826,-0.9174016209024269,-0.0657240779900777,-0.19276768439426906,1.6003596718040265,-0.05281611140820028,-0.1418022426899193,-0.09813400621145286,-0.20485992589760596,-0.28017129468918434,-0.02063340255165558,0.562450851621506,0.1480542305143866,-0.35560236608869644,0.3297121874133268,0.06419016738410248,-0.21566554640687685,0.419251680374017,-0.31622776601683794,-0.1197675343951021,0.26759648199041003
-0.713717985764611,1.3058705389328826,-0.9174016209024269,-0.5586546629156589,-0.19276768439426906,-0.6248595347774147,-0.32599812777630965,-0.25980661133524335,-0.3677153752181916,-0.31455246472771514,-0.3729100268959109,-0.1445392490185415,-0.16761237018131275,-0.2576646583212822,-0.35560236608869644,-0.3491235225919913,-0.33474650804959194,-0.21566554640687685,0.419251680374017,-0.31622776601683794,-0.1197675343951021,-0.3539748419058588
-0.713717985764611,1.3058705389328826,-0.9174016209024269,-1.0515852478412402,1.1768974415650115,1.6003596718040265,-0.28669641186978656,-0.22634133018984082,-0.09002629586538553,-0.10308334347791705,-0.0757472075668301,-0.14104002527485593,-0.21025139025811554,0.0910254710394934,0.020817139313933312,0.17543134423029996,0.5569942958610191,-0.21566554640687685,0.419251680374017,-0.31622776601683794,-0.1197675343951021,0.21252054189833555
-0.713717985764611,-1.0404304293857267,-0.9174016209024269,-1.0515852478412402,-0.42104520538748247,1.6003596718040265,1.3273057516306876,0.40304990543505453,0.2920495541930374,0.340210215505617,0.15958979029109965,0.08687608123053216,0.9857211240912315,0.3256580814504826,-0.261497489738039,-0.08376047231718516,-0.3816802345712031,-0.21566554640687685,0.419251680374017,-0.31622776601683794,-0.1197675343951021,-0.1284257539097444
-0.713717985764611,1.3058705389328826,-0.9174016209024269,-1.5445158327668214,1.405174962558225,1.6003596718040265,4.018069658516574,1.5319678812590258,3.0983307977255916,1.6395579177303123,0.9797791154527404,0.5275283283817961,2.689201974964475,2.1538371709027735,2.0440719808530683,5.612288258000166,2.363942766943047,-0.21566554640687685,0.419251680374017,-0.31622776601683794,-0.1197675343951021,5.14837383967377
-0.713717985764611,-1.0404304293857267,-0.9174016209024269,1.4130676767866661,1.405174962558225,-0.6248595347774147,5.002016188890599,2.8730575561944653,0.6204118232087642,0.6828580429852363,0.5385222444691221,1.1185805446307082,3.346466869806899,0.6042843063135322,0.020817139313933312,0.021150501047273104,-0.21741219174556417,-0.21566554640687685,0.419251680374017,-0.31622776601683794,-0.1197675343951021,-0.005160554656053949
-0.8341817358912603,1.3058705389328826,-0.9174016209024269,0.9201370918610848,2.7748400885175055,-0.6248595347774147,-0.3524039681510049,-0.2580548420624131,0.037670142085174906,0.038273020993873134,-0.08571911425572543,-0.16696760691854534,-0.34362832501055357,0.1122075817015966,0.16197445383991949,0.17234572736663942,0.15805762042732469,-0.21566554640687685,0.419251680374017,-0.31622776601683794,-0.1197675343951021,0.17318058468971095
-0.8341817358912603,-1.0404304293857267,-0.9174016209024269,0.9201370918610848,1.1768974415650115,-0.6248595347774147,-0.3445962611963608,-0.25225453935904163,-0.2116419510563955,-0.13587802003537236,-0.25923029064250414,-0.15370388263295615,-0.3129490300772443,-0.17293621567286943,-0.3085499279133677,-0.3552947563193124,-0.12354473870234196,-0.21566554640687685,0.419251680374017,-0.31622776601683794,-0.1197675343951021,-0.33299353139459237
-0.8341817358912603,1.3058705389328826,-0.9174016209024269,0.9201370918610848,-1.1058777683671228,-0.6248595347774147,-0.3966183985458434,-0.2810484357768967,-0.2683959234788668,-0.21503758413957486,-0.3180645401069866,-0.18714646384046557,-0.44346603055623823,-0.23648254765917903,-0.261497489738039,-0.26889748413681736,0.017256440862491364,-0.21566554640687685,0.419251680374017,-0.31622776601683794,-0.1197675343951021,-0.24120029790780162
-0.8341817358912603,-1.0404304293857267,-0.9174016209024269,0.42720650693550355,1.1768974415650115,-0.6248595347774147,-0.3228399541766783,-0.24856933585175417,-0.2613016769260579,-0.18337375849789386,-0.24078226326804777,-0.14930485849803712,-0.2528904103349184,-0.1990065057185349,-0.2144450515627103,-0.38923654181957834,-0.33474650804959194,-0.21566554640687685,0.419251680374017,-0.31622776601683794,-0.1197675343951021,-0.3802014800449419
-0.8341817358912603,1.3058705389328826,-0.9174016209024269,0.42720650693550355,-0.19276768439426906,1.6003596718040265,-0.38293297961410766,-0.27226363727536995,-0.27346324244515885,-0.2591407698547734,-0.27518534134473666,-0.18789629749982678,-0.4465859588545409,-0.23322376140347084,-0.12034017521205286,-0.1207878746811116,0.25192507347054693,-0.21566554640687685,0.419251680374017,-0.31622776601683794,-0.1197675343951021,-0.08121780525939487
-0.8341817358912603,-1.0404304293857267,-0.9174016209024269,-0.0657240779900777,-1.1058777683671228,-0.6248595347774147,0.9202522654559838,0.2030886869586477,-0.30994793900246187,-0.23426204970773834,-0.3280364467958819,-0.146088905247888,-0.23105091224679986,-0.36683399788750637,-0.35560236608869644,-0.404664626137881,-0.45208082435361974,-0.21566554640687685,0.419251680374017,-0.31622776601683794,-0.1197675343951021,-0.4142961096257499
-0.8341817358912603,-1.0404304293857267,-0.9174016209024269,-0.5586546629156589,1.1768974415650115,1.6003596718040265,-0.3783711733035291,-0.2720560201763678,-0.22988429933504698,-0.19355141673986276,-0.17347189311800432,-0.1696836710624537,-0.34440830708512926,-0.1631598569057449,-0.35560236608869644,-0.20718514686360665,-0.3112796447887864,-0.21566554640687685,0.419251680374017,-0.31622776601683794,-0.1197675343951021,-0.2307096426521684
-0.8341817358912603,-1.0404304293857267,-0.9174016209024269,-0.5586546629156589,0.03550983659894439,-0.6248595347774147,-0.18195032081534768,-0.22269505488861627,-0.40825392694852825,-0.34734714128517047,-0.3828819335848062,-0.16403492416193266,-0.2482105178874644,-0.378239749782485,-0.35560236608869644,-0.444777645365468,-0.5224814141360364,-0.21566554640687685,0.419251680374017,-0.31622776601683794,-0.1197675343951021,-0.4562587306482828
-0.8341817358912603,-1.0404304293857267,-0.9174016209024269,-1.0515852478412402,1.1768974415650115,-0.6248595347774147,-0.4690809372484954,-0.3101797099806302,-0.3474460993530233,-0.2704492790125166,-0.2911403920469692,-0.19932709506253304,-0.5248441603369656,-0.2837349483669477,-0.16739261338738157,-0.4386064116381469,-0.5694151406576475,-0.21566554640687685,0.419251680374017,-0.31622776601683794,-0.1197675343951021,-0.44576807539264957
-0.8341817358912603,1.3058705389328826,-0.9174016209024269,-1.0515852478412402,-1.3341552893603363,1.6003596718040265,-0.4780290957807841,-0.3184843939407146,-0.4102808545350451,-0.34960884311671914,-0.4038229376314864,-0.2182062403082272,-0.5888026904521697,-0.3733515703989227,-0.35560236608869644,-0.404664626137881,-0.3112796447887864,-0.21566554640687685,0.419251680374017,-0.31622776601683794,-0.1197675343951021,-0.39856012674230007
-0.8341817358912603,0.13272005477357798,-0.9174016209024269,-1.5445158327668214,1.1768974415650115,1.6003596718040265,0.797434403248099,0.33528887474824104,1.0197165577525802,0.6364931554384892,0.3475602313767766,0.4509619802759138,2.350169766548921,1.5542204998524678,-0.07328773703672413,1.8108082819703846,1.9180723649877414,-0.21566554640687685,0.419251680374017,-0.31622776601683794,-0.1197675343951021,1.7494015368486038
-0.8341817358912603,-1.0404304293857267,-0.9174016209024269,-1.5445158327668214,-1.3341552893603363,-0.6248595347774147,0.3023029644614551,-0.049711083213796046,-0.2248169803687549,-0.18337375849789386,-0.2557401233013908,-0.056158855035168334,0.4064544367063738,-0.1240544218372467,-0.3085499279133677,-0.25655501668217523,-0.21741219174556417,-0.21566554640687685,0.419251680374017,-0.31622776601683794,-0.1197675343951021,-0.25955894460515977
-0.8341817358912603,1.3058705389328826,-0.9174016209024269,1.4130676767866661,1.405174962558225,-0.6248595347774147,-0.44495600002908947,-0.304301550865133,-0.41433470970807873,-0.363179054106011,-0.413296248985937,-0.20277632989559455,-0.5141844053177648,-0.3619458185039441,-0.3085499279133677,-0.37689407436493616,-0.33474650804959194,-0.21566554640687685,0.419251680374017,-0.31622776601683794,-0.1197675343951021,-0.37495615241712527
-0.9430933212621746,1.3058705389328826,-0.9174016209024269,1.4130676767866661,1.1768974415650115,-0.6248595347774147,-0.42934058611980125,-0.29585413014948464,-0.33021721486763017,-0.296458850075326,-0.346983069504783,-0.1981273612075551,-0.49052494905563643,-0.24951769268201177,-0.2144450515627103,-0.20101391313628555,-0.14701160196314753,-0.21566554640687685,0.419251680374017,-0.31622776601683794,-0.1197675343951021,-0.1992376768852687
-0.9430933212621746,-1.0404304293857267,-0.9174016209024269,0.9201370918610848,0.2637873575921578,-0.6248595347774147,-0.459869597582904,-0.307545568037041,-0.42345588384740446,-0.3643099050217853,-0.36144233420368127,-0.19837730576067553,-0.5063845845720082,-0.37009278414321456,-0.3085499279133677,-0.3954077755468994,-0.49901455087523083,-0.21566554640687685,0.419251680374017,-0.31622776601683794,-0.1197675343951021,-0.40905078199793327
-0.9430933212621746,1.3058705389328826,-0.9174016209024269,0.9201370918610848,-1.1058777683671228,1.6003596718040265,-0.4711863863149163,-0.3059884397945251,-0.42852320281369655,-0.391450327000369,-0.3953468169459254,-0.21505693893891017,-0.5823028398307059,-0.38801610854960955,-0.3085499279133677,-0.2843255684551201,-0.006210422398314191,-0.21566554640687685,0.419251680374017,-0.31622776601683794,-0.1197675343951021,-0.25955894460515977
-0.9430933212621746,-1.0404304293857267,-0.9174016209024269,0.42720650693550355,0.2637873575921578,-0.6248595347774147,2.5147790250920647,1.0421731925756739,0.8687104525570762,1.0492537396961166,0.9757903527771823,0.5175638721973962,2.5020062770663163,0.796552695400315,-0.12034017521205286,-0.3028392696370833,-0.3816802345712031,-0.21566554640687685,0.419251680374017,-0.31622776601683794,-0.1197675343951021,-0.3067668932555093
-0.9430933212621746,1.3058705389328826,-0.9174016209024269,0.42720650693550355,-1.1058777683671228,-0.6248595347774147,-0.44758781136211556,-0.3052488038793301,-0.2643420683058331,-0.20033652223450868,-0.30111229873586454,-0.20777522095800255,-0.5248441603369656,-0.24788829955415767,-0.3085499279133677,-0.33369543827368864,-0.21741219174556417,-0.21566554640687685,0.419251680374017,-0.31622776601683794,-0.1197675343951021,-0.32512553995286747
-0.9430933212621746,1.3058705389328826,-0.9174016209024269,-0.0657240779900777,1.1768974415650115,-0.6248595347774147,-0.33634991901954564,-0.24366438188782935,-0.21468234243617074,-0.1958131185714114,-0.19840165984024263,-0.1708834049174316,-0.3610479246760767,-0.17782439505643172,0.06786957748926203,-0.04673306995325871,0.5804611591218247,-0.21566554640687685,0.419251680374017,-0.31622776601683794,-0.1197675343951021,0.028934074924754048
-0.9430933212621746,1.3058705389328826,-0.9174016209024269,-0.0657240779900777,-0.6493227263806959,1.6003596718040265,-0.4524127988059968,-0.30457404830757323,-0.3950788976361688,-0.3654407559375596,-0.38936367293258817,-0.2078751987792507,-0.536803885480459,-0.3570576391203818,-0.12034017521205286,-0.2719831010004779,-0.029677285659119746,-0.21566554640687685,0.419251680374017,-0.31622776601683794,-0.1197675343951021,-0.24120029790780162
-0.9430933212621746,-1.0404304293857267,-0.9174016209024269,-0.5586546629156589,1.1768974415650115,1.6003596718040265,1.4108218979320493,0.653604815724538,0.4430556593885414,0.33003255726364805,0.1351586189033061,0.2653698180989133,1.3413929500977329,0.24092963880206983,0.06786957748926203,0.4623937125507299,0.25192507347054693,-0.21566554640687685,0.419251680374017,-0.31622776601683794,-0.1197675343951021,0.4249563108249085
-0.9430933212621746,-1.0404304293857267,-0.9174016209024269,-0.5586546629156589,-0.8776002473739094,1.6003596718040265,1.1202699267659675,0.2241099182326113,-0.18833228381145192,-0.17206524934015066,-0.23380192858582105,0.08507648044806529,1.2290755313588377,-0.15501289126647444,-0.16739261338738157,-0.15781527704503803,-0.24087905500636975,-0.21566554640687685,0.419251680374017,-0.31622776601683794,-0.1197675343951021,-0.17038837493227732
-0.9430933212621746,-1.0404304293857267,-0.9174016209024269,-1.0515852478412402,-0.42104520538748247,-0.6248595347774147,2.495128167138803,0.8345560935735642,0.4531902973211256,0.3413410664213913,-0.07923737490794346,0.4236013831943341,2.6767222617712645,0.2832938601262762,-0.3085499279133677,0.6166745557337567,0.29885879999215803,4.636809247747853,-2.3852021275332596,-0.31622776601683794,-0.1197675343951021,0.540353518636874
-0.9430933212621746,1.3058705389328826,-0.9174016209024269,-1.5445158327668214,-1.1058777683671228,-0.6248595347774147,-0.41565516718806556,-0.29331082068670883,-0.46196750799122427,-0.4072822398212095,-0.4272569183503904,-0.20789186174945873,-0.5170443395912089,-0.48577969622085504,-0.3085499279133677,-0.39232215868323883,-0.07661101218073085,-0.21566554640687685,0.419251680374017,-0.31622776601683794,-0.1197675343951021,-0.35922016953367547
-0.9430933212621746,1.3058705389328826,-0.9174016209024269,1.4130676767866661,0.4920648785853713,-0.6248595347774147,-0.422761057787236,-0.29654186178992914,-0.4487924786788649,-0.3971045815792406,-0.41080327231371316,-0.20510914572471828,-0.4913049311302121,-0.4352685092573782,-0.3085499279133677,-0.35838037318297294,-0.029677285659119746,-0.21566554640687685,0.419251680374017,-0.31622776601683794,-0.1197675343951021,-0.32512553995286747
-0.9430933212621746,1.3058705389328826,-0.9174016209024269,1.4130676767866661,-1.1058777683671228,-0.6248595347774147,-0.40609291934473735,-0.28730290088433524,-0.4386578407462807,-0.39484287974769194,-0.3958454122803701,-0.19789407962464275,-0.4585456839980343,-0.4401566886409405,-0.261497489738039,-0.2534693998185147,-0.0531441489199253,-0.21566554640687685,0.419251680374017,-0.31622776601683794,-0.1197675343951021,-0.235954970279985
-1.0035723014539641,1.3058705389328826,-0.9174016209024269,0.9201370918610848,0.2637873575921578,1.6003596718040265,-0.4850472593355204,-0.32710050354930215,-0.5126406976541451,-0.46834818927302285,-0.4397218017115096,-0.22612115115703985,-0.5976424872973606,-0.5102205931386664,-0.261497489738039,-0.3799796912285967,-0.4286139610928142,-0.21566554640687685,0.419251680374017,-0.31622776601683794,-0.1197675343951021,-0.3854468076727585
-1.0035723014539641,-1.0404304293857267,-0.9174016209024269,0.9201370918610848,-0.8776002473739094,-0.6248595347774147,0.8844596313268288,0.1587624363216973,-0.5967581924945936,-0.5452460515456767,-0.5170040785504484,0.09982320908216885,1.2769144319328116,-0.6259075052163069,-0.3085499279133677,-0.44169202850180744,-0.4755476876144253,4.636809247747853,-2.3852021275332596,-0.31622776601683794,-0.1197675343951021,-0.44576807539264957
-1.0035723014539641,0.13272005477357798,-0.9174016209024269,0.42720650693550355,1.1768974415650115,-0.6248595347774147,-0.38275752552523923,-0.2736391005562589,-0.3069075476226866,-0.2693184280967423,-0.22283283122803618,-0.18154770585056865,-0.3945871538828301,-0.2821055552390936,-0.16739261338738157,-0.12695910840843266,-0.029677285659119746,-0.21566554640687685,0.419251680374017,-0.31622776601683794,-0.1197675343951021,-0.12055776246801947
-1.0035723014539641,0.13272005477357798,-0.9174016209024269,0.42720650693550355,-1.1058777683671228,-0.6248595347774147,-0.37144073679322703,-0.2667358320144388,-0.2886651993440351,-0.24670140978125588,-0.22033985455581237,-0.17189984610012124,-0.3542880800297543,-0.24625890642630358,-0.02623529886139541,-0.11461664095379052,-0.07661101218073085,-0.21566554640687685,0.419251680374017,-0.31622776601683794,-0.1197675343951021,-0.10744444339847793
-1.0035723014539641,1.3058705389328826,-0.9174016209024269,-0.0657240779900777,1.1768974415650115,-0.6248595347774147,-0.4220592414317624,-0.29959123793152265,-0.4558867252316738,-0.419721599894727,-0.4262597276815009,-0.2060589350265758,-0.49546483552794895,-0.4548212267916273,-0.3085499279133677,-0.3213529708190465,-0.28781278152798084,-0.21566554640687685,0.419251680374017,-0.31622776601683794,-0.1197675343951021,-0.32250287613895917
-1.0035723014539641,-1.0404304293857267,-0.9174016209024269,-0.0657240779900777,-1.1058777683671228,1.6003596718040265,-0.38328388779184447,-0.2819048563102804,-0.3190691131417876,-0.264795024433645,-0.2836614620302977,-0.18136441317828034,-0.3701477155461261,-0.2609234445769904,-0.3085499279133677,-0.278154334727799,-0.3112796447887864,-0.21566554640687685,0.419251680374017,-0.31622776601683794,-0.1197675343951021,-0.28840824655815117
-1.1801289157421506,-1.0404304293857267,-1.2203461187988254,0.42720650693550355,1.405174962558225,1.6003596718040265,-0.4532023422059046,-0.3118536228413347,-0.4153481735013371,-0.37335671234797985,-0.34099992549144587,-0.212457515586458,-0.5188642977652188,-0.3635752116317982,-0.261497489738039,-0.35838037318297294,-0.2643459182671753,-0.21566554640687685,0.419251680374017,-0.31622776601683794,-0.1197675343951021,-0.3487295142780422
-1.1801289157421506,-1.0404304293857267,-1.2203461187988254,-0.0657240779900777,1.405174962558225,1.6003596718040265,-0.3508248813511892,-0.2631284849192771,-0.1944130665710024,-0.1641492929297304,0.011008380626559263,-0.16596782870606375,-0.28902957979025734,-0.06865505549020758,-0.2144450515627103,-0.009705667589332265,0.040723304123296916,-0.21566554640687685,0.419251680374017,-0.31622776601683794,-0.1197675343951021,-0.01565120991168718
-1.1801289157421506,-1.0404304293857267,-1.2203461187988254,-0.0657240779900777,-0.19276768439426906,-0.6248595347774147,1.561712414358879,14.019669247763165,0.7359466956402237,0.7642793089209875,0.5689365598702529,18.177912824995655,5.42433911647646,1.4646038778204926,-0.02623529886139541,0.1476607924573551,-0.28781278152798084,-0.21566554640687685,0.419251680374017,-0.31622776601683794,-0.1197675343951021,0.09187800645855343
-1.1801289157421506,-1.0404304293857267,-1.2203461187988254,-0.5586546629156589,1.6334524835514384,-0.6248595347774147,-0.21528659770034497,-0.19591244911734412,0.0244951127728155,0.15022726165553096,-0.06776968221571383,-0.06115774609757632,0.17713970678112945,0.5048913255144327,-0.2144450515627103,-0.47563381400207333,-0.49901455087523083,-0.21566554640687685,-2.3852021275332596,3.1622776601683795,-0.1197675343951021,-0.47199471353173267
-1.1801289157421506,-1.0404304293857267,-1.2203461187988254,-0.5586546629156589,0.4920648785853713,-0.6248595347774147,-0.5331216796854639,-0.3553234529449014,-0.9139723597844779,-0.8811087735306502,-0.6955012082816747,-0.2571642646545934,-0.7252995535029104,-0.9762270277049366,-0.35560236608869644,-0.5527742355935867,-0.6398157304400641,-0.21566554640687685,0.419251680374017,-0.31622776601683794,-0.1197675343951021,-0.5611652832046151
-1.30108687612573,-1.0404304293857267,-1.2203461187988254,-0.5586546629156589,0.4920648785853713,-0.6248595347774147,-0.43451648174141927,-0.29564651305048256,-0.46703482695751636,-0.39484287974769194,-0.40731310497259976,-0.18478032207092582,-0.43410624566133027,-0.4124570054674209,-0.3085499279133677,-0.4694625802747523,-0.3816802345712031,-0.21566554640687685,0.419251680374017,-0.31622776601683794,-0.1197675343951021,-0.4588813944621911
-1.30108687612573,-1.0404304293857267,-1.2203461187988254,-0.5586546629156589,-0.8776002473739094,-0.6248595347774147,-0.3924952274574358,-0.28052939302939145,-0.40926739074178664,-0.3383003339589759,-0.34847885550811736,-0.17139995699388044,-0.35740800832805697,-0.3440224940975491,-0.35560236608869644,-0.4324351779108258,-0.3112796447887864,-0.21566554640687685,0.419251680374017,-0.31622776601683794,-0.1197675343951021,-0.4221641010674748
-1.30108687612573,-1.0404304293857267,-1.2203461187988254,-1.0515852478412402,0.9486199205717981,-0.6248595347774147,-0.43688511194114277,-0.2922727351916983,-0.39406543384291043,-0.32925352663278135,-0.2452696212780507,-0.18333064366282747,-0.44762593495397507,-0.34565188722540313,-0.35560236608869644,-0.36455160691029403,-0.33474650804959194,-0.21566554640687685,0.419251680374017,-0.31622776601683794,-0.1197675343951021,-0.36708816097540037
-1.30108687612573,-1.0404304293857267,-1.2203461187988254,-1.0515852478412402,-1.1058777683671228,-0.6248595347774147,-0.47180047562595573,-0.3085447253259886,-0.4700752183372916,-0.40502053798966087,-0.3853749102570301,-0.19724422378652973,-0.5196442798397944,-0.4189745779788373,-0.35560236608869644,-0.45403449595644957,-0.4755476876144253,-0.21566554640687685,0.419251680374017,-0.31622776601683794,-0.1197675343951021,-0.4588813944621911
-1.30108687612573,-1.0404304293857267,-1.2203461187988254,-1.5445158327668214,2.5465625675242918,-0.6248595347774147,-0.6048824020326422,-0.3800298877261525,-0.7943836321799849,-0.7487992163850545,-0.2951291547225273,-0.2724275453651458,-0.8326770857694931,-0.839358004965193,-0.35560236608869644,-0.5466030018662656,-0.6398157304400641,-0.21566554640687685,0.419251680374017,-0.31622776601683794,-0.1197675343951021,-0.5559199555767985
-1.30108687612573,-1.0404304293857267,-1.2203461187988254,-1.5445158327668214,2.3182850465310785,-0.6248595347774147,-0.46802821271528494,-0.3108674416210747,-0.39102504246313513,-0.33603863212742724,1.5576511080742248,-0.20439263800577315,-0.49936474590082724,-0.4401566886409405,0.020817139313933312,-0.21644199745458825,-0.5694151406576475,-0.21566554640687685,0.419251680374017,-0.31622776601683794,-0.1197675343951021,-0.24644562553561822
-1.30108687612573,-1.0404304293857267,-1.2203461187988254,-1.5445158327668214,2.3182850465310785,-0.6248595347774147,-0.3345953781308616,-0.2324790106790907,-0.1944130665710024,-0.08838228157285087,3.484722075703247,-0.09879939579750845,-0.09429405517120061,0.022590959669621553,-0.35560236608869644,-0.45403449595644957,-0.49901455087523083,-0.21566554640687685,0.419251680374017,-0.31622776601683794,-0.1197675343951021,-0.4615040582760994
-1.30108687612573,1.3058705389328826,-1.2203461187988254,-1.5445158327668214,-1.1058777683671228,-0.6248595347774147,-0.3137163415555212,-0.24618173921322992,-0.653512164917065,-0.6323215720602995,-0.5429310359415762,-0.12519354060702262,-0.115613565209602,-0.5786551045085383,-0.261497489738039,-0.3429522888646703,-0.28781278152798084,4.636809247747853,-2.3852021275332596,-0.31622776601683794,-0.1197675343951021,-0.33823885902240897
-1.3863381454461279,-1.0404304293857267,-1.2203461187988254,1.4130676767866661,2.3182850465310785,-0.6248595347774147,-0.5981712831334257,-0.3777460996371293,-0.8065451976990858,-0.7623694273743464,-0.32903363746477143,-0.2698281220126937,-0.8139575159796772,-0.8491343637323174,-0.35560236608869644,-0.5342605344116236,-0.6163488671792586,-0.21566554640687685,0.419251680374017,-0.31622776601683794,-0.1197675343951021,-0.5428066365072569
-1.3863381454461279,-1.0404304293857267,-1.2203461187988254,1.4130676767866661,2.090007525537865,-0.6248595347774147,-0.13966588539806163,-0.09587993560439018,0.48866153008517016,0.6048293297968081,4.8055011166474335,0.02322353503587048,0.2868571852714391,0.7688530122267956,-0.16739261338738157,0.1044621563661076,-0.33474650804959194,-0.21566554640687685,0.419251680374017,-0.31622776601683794,-0.1197675343951021,0.042047393994295586
-1.3863381454461279,-1.0404304293857267,-1.2203461187988254,1.4130676767866661,1.6334524835514384,-0.6248595347774147,-0.39021432430214653,-0.26977223208734463,-0.5359503648990886,-0.4593013819468283,0.13166845156219273,-0.13082562453733562,-0.19621171291575365,-0.36031642537609,-0.35560236608869644,-0.5466030018662656,-0.6398157304400641,-0.21566554640687685,0.419251680374017,-0.31622776601683794,-0.1197675343951021,-0.5559199555767985
-1.3863381454461279,-1.0404304293857267,-1.2203461187988254,1.4130676767866661,1.6334524835514384,-0.6248595347774147,-0.44986871451740484,-0.296970072056621,-0.7933701683867264,-0.7465375145535059,-0.19590868316801882,-0.1663677399910564,-0.37482760799358006,-0.7725528867231751,-0.35560236608869644,-0.5435173850026052,-0.6398157304400641,-0.21566554640687685,0.419251680374017,-0.31622776601683794,-0.1197675343951021,-0.5532972917628902
-1.3863381454461279,-1.0404304293857267,-1.2203461187988254,1.4130676767866661,1.405174962558225,-0.6248595347774147,-0.4866702096575532,-0.3206773495489244,-0.9149858235777364,-0.8833704753621988,-0.6979941849538986,-0.21569013180681518,-0.6018023916950974,-0.9697094551935203,-0.35560236608869644,-0.5342605344116236,-0.6398157304400641,4.636809247747853,-2.3852021275332596,-0.31622776601683794,-0.1197675343951021,-0.5454293003211653
-1.3863381454461279,-1.0404304293857267,-1.2203461187988254,1.4130676767866661,0.9486199205717981,-0.6248595347774147,-0.4357446603634981,-0.29050798985018034,-0.7305354132047046,-0.679817310522821,-0.0029522887378941984,-0.15771965845309058,-0.3319285938919187,-0.6747892990519296,-0.35560236608869644,-0.5404317681389447,-0.6398157304400641,-0.21566554640687685,0.419251680374017,-0.31622776601683794,-0.1197675343951021,-0.5506746279489819
-1.3863381454461279,-1.0404304293857267,-1.2203461187988254,0.9201370918610848,2.090007525537865,-0.6248595347774147,-0.5954956082781825,-0.3780056210108819,-0.750804689069873,-0.7013034779225331,-0.26770641132806516,-0.26986144795310973,-0.8048577251096278,-0.8149171080473816,-0.35560236608869644,-0.5404317681389447,-0.6163488671792586,-0.21566554640687685,0.419251680374017,-0.31622776601683794,-0.1197675343951021,-0.5480519641350736
-1.3863381454461279,-1.0404304293857267,-1.2203461187988254,0.9201370918610848,2.090007525537865,-0.6248595347774147,-0.11440049660101106,-0.07788212833464479,0.49068845767168695,0.6082218825441311,3.3022361832964626,-0.0047036030327821336,0.1807796231291492,0.40875713097104127,0.20902689201524818,0.09829092263878653,-0.3112796447887864,-0.21566554640687685,0.419251680374017,-0.31622776601683794,-0.1197675343951021,0.060406040691653735
-1.3863381454461279,-1.0404304293857267,-1.2203461187988254,0.9201370918610848,1.6334524835514384,-0.6248595347774147,-0.36512438959396437,-0.2510477649710919,-0.48122332006313423,-0.4004971343265636,0.7324758295681363,-0.12611000396846409,-0.16293247773385877,-0.4124570054674209,-0.3085499279133677,-0.5064899826386787,-0.6163488671792586,-0.21566554640687685,0.419251680374017,-0.31622776601683794,-0.1197675343951021,-0.5165799983681739
-1.3863381454461279,-1.0404304293857267,-1.2203461187988254,0.9201370918610848,1.6334524835514384,-0.6248595347774147,-0.29985546853491707,-0.22118983092085098,-0.344405707973248,-0.2828886390860341,1.254006549397362,-0.08993469564683829,-0.003296146470706812,-0.23159436827561675,0.16197445383991949,-0.2596406335458358,-0.5459482773968419,-0.21566554640687685,0.419251680374017,-0.31622776601683794,-0.1197675343951021,-0.2726722636747013
-1.3863381454461279,-1.0404304293857267,-1.2203461187988254,0.9201370918610848,1.1768974415650115,1.6003596718040265,-0.19405665294726773,-0.17258147761698206,0.1359761300312413,0.2633123532329631,4.082537881702522,-0.05495912118019042,0.1745397665325439,0.1480542305143866,0.39723664471656306,-0.16090089390869858,-0.6398157304400641,-0.21566554640687685,0.419251680374017,-0.31622776601683794,-0.1197675343951021,-0.18612435781572717
-1.3863381454461279,-1.0404304293857267,-1.2203461187988254,0.9201370918610848,0.4920648785853713,-0.6248595347774147,4.777434955139039,5.549241962331658,0.45217683352786714,0.5245389147768313,0.3390841106912156,0.9319552783008102,0.8505242311647835,-0.22670618889205446,-0.35560236608869644,-0.13313034213575375,-0.33474650804959194,-0.21566554640687685,0.419251680374017,-0.31622776601683794,-0.1197675343951021,-0.17038837493227732
-1.5430645731750043,0.13272005477357798,-1.2203461187988254,0.9201370918610848,-0.42104520538748247,-0.6248595347774147,-0.36398393801631973,-0.25658854630071065,-0.8349221839103215,-0.8290896314050313,-0.6625939162083202,-0.1325085845283463,-0.23547081066939526,-0.8507637568601716,-0.261497489738039,-0.45403449595644957,-0.28781278152798084,4.636809247747853,-2.3852021275332596,-0.31622776601683794,-0.1197675343951021,-0.43265475632310807
-1.5430645731750043,-1.0404304293857267,-1.2203461187988254,0.9201370918610848,-1.1058777683671228,-0.6248595347774147,-0.40047838850094836,-0.2841367401245531,-0.3717692303912252,-0.31229076289616653,-0.35246761818367545,-0.17556569954588708,-0.3784675243415998,-0.40919821921171273,-0.3085499279133677,-0.31826735395538597,-0.4286139610928142,-0.21566554640687685,0.419251680374017,-0.31622776601683794,-0.1197675343951021,-0.33561619520850067
-1.5430645731750043,-1.0404304293857267,-1.2203461187988254,0.42720650693550355,0.4920648785853713,-0.6248595347774147,-0.43469193583028765,-0.2919872616805704,-0.3859577234968431,-0.31455246472771514,-0.3744058128992452,-0.17484919182694195,-0.4127867356229289,-0.38312792916604727,-0.3085499279133677,-0.46637696341109175,-0.4755476876144253,-0.21566554640687685,0.419251680374017,-0.31622776601683794,-0.1197675343951021,-0.46674938590391607
-1.5430645731750043,-1.0404304293857267,-1.2203461187988254,0.42720650693550355,-0.8776002473739094,1.6003596718040265,-0.5343937218297599,-0.3527801434821256,-0.9301877804766125,-0.8992023881830393,-0.7064703056394597,-0.25498141555734194,-0.7323193921740914,-0.9860033864720612,-0.35560236608869644,-0.5527742355935867,-0.6398157304400641,-0.21566554640687685,0.419251680374017,-0.31622776601683794,-0.1197675343951021,-0.5611652832046151
-1.5430645731750043,1.3058705389328826,-1.2203461187988254,-0.0657240779900777,1.1768974415650115,-0.6248595347774147,0.8970923257253541,2.093688918677921,0.6731119404582019,0.3978836122101073,0.24933695049115762,2.7886100707599684,3.130151841124582,1.1045079965647384,0.11492201566459075,1.49607536187701,1.6364700058580748,-0.21566554640687685,0.419251680374017,-0.31622776601683794,-0.1197675343951021,1.46090851731869
-1.6323930771150736,1.3058705389328826,-1.2203461187988254,-1.0515852478412402,0.2637873575921578,-0.6248595347774147,-0.3811784387254236,-0.258444124123042,-0.3423787803867312,-0.2806269372544855,-0.3544619995214545,-0.14613889415851208,-0.35376809198003717,-0.40919821921171273,-0.3085499279133677,-0.3614659900466335,-0.40514709783200864,-0.21566554640687685,0.419251680374017,-0.31622776601683794,-0.1197675343951021,-0.36971082478930867
-1.6323930771150736,0.13272005477357798,-1.2203461187988254,-1.0515852478412402,-0.6493227263806959,-0.6248595347774147,-0.38231889030306826,-0.2653084644587993,-0.3281902872811133,-0.25122481344435316,-0.31457437276587324,-0.16466811702983766,-0.39692710010655713,-0.4385272955130864,-0.35560236608869644,-0.404664626137881,-0.17047846522395307,-0.21566554640687685,0.419251680374017,-0.31622776601683794,-0.1197675343951021,-0.3828241438588502
-1.6323930771150736,-1.0404304293857267,-1.2203461187988254,-1.5445158327668214,1.1768974415650115,1.6003596718040265,-0.4217960602984598,-0.2827093725689136,-0.2187361976092044,-0.14266312553001828,-0.2492583839536088,-0.16628442514001626,-0.41122677147377756,-0.4368979023852323,-0.3085499279133677,-0.38306530809225725,-0.4755476876144253,-0.21566554640687685,0.419251680374017,-0.31622776601683794,-0.1197675343951021,-0.39593746292839177
-1.6323930771150736,-1.0404304293857267,-1.2203461187988254,-1.5445158327668214,-1.3341552893603363,1.6003596718040265,3.7190958910848093,1.2349197168617574,10.666878405779444,11.900899127466506,8.321096819817482,-0.0039037804627968563,0.48029273976620307,1.2087891567474003,0.11492201566459075,0.05509228654753901,-0.14701160196314753,-0.21566554640687685,0.419251680374017,-0.31622776601683794,-0.1197675343951021,0.03680206636647897
-1.6323930771150736,-1.0404304293857267,-1.2203461187988254,1.4130676767866661,0.4920648785853713,1.6003596718040265,-0.2986272899128382,-0.222176012141111,1.4403040319548228,1.691577059855931,0.9398914886971591,-0.11796181153673906,-0.17489220287735224,0.04540246345957884,-0.07328773703672413,-0.28123995159145954,-0.07661101218073085,-0.21566554640687685,0.419251680374017,-0.31622776601683794,-0.1197675343951021,-0.25169095316343487
-1.6323930771150736,-1.0404304293857267,-1.2203461187988254,1.4130676767866661,-0.6493227263806959,1.6003596718040265,0.012803717828583866,-0.10249773063508243,0.9355990629121317,1.1476377693684825,0.3709942120956806,-0.12226085785040992,-0.2570503147326552,-0.32772856281900814,-0.261497489738039,-0.37072284063761507,-0.49901455087523083,-0.21566554640687685,0.419251680374017,-0.31622776601683794,-0.1197675343951021,-0.3854468076727585
-1.8217373818013198,-1.0404304293857267,-1.5232906166952238,0.9201370918610848,1.1768974415650115,1.6003596718040265,0.5714495367855911,1.725285352567365,1.3906443060851605,1.4959398514269735,0.6536977667258632,2.3886987857673296,2.441687663299132,0.8666165998980411,-0.07328773703672413,0.16926011050297887,-0.029677285659119746,-0.21566554640687685,0.419251680374017,-0.31622776601683794,-0.1197675343951021,0.13646329129499465
-1.8283474439877565,-1.0404304293857267,-1.5232906166952238,0.9201370918610848,-0.42104520538748247,-0.6248595347774147,0.2851084637523512,0.04078401981374849,0.9619491215368505,1.1261516019687703,0.6123143539669476,-0.03799621750841932,0.12878081815743847,0.06821396724953611,-0.2144450515627103,-0.0961029397718273,-0.14701160196314753,-0.21566554640687685,0.419251680374017,-0.31622776601683794,-0.1197675343951021,-0.11006710721238624
-1.8349575061741932,-1.0404304293857267,-1.5232906166952238,0.42720650693550355,0.9486199205717981,-0.6248595347774147,-0.333893561775388,-0.23873347578652923,0.44102873180202457,0.5754272059866758,0.11272182885329161,-0.1298758352354781,-0.2502904700863328,-0.19085954007926445,-0.35560236608869644,-0.25655501668217523,0.040723304123296916,-0.21566554640687685,0.419251680374017,-0.31622776601683794,-0.1197675343951021,-0.2333323064660767
-1.8415675683606298,-1.0404304293857267,-1.5232906166952238,0.42720650693550355,-0.42104520538748247,-0.6248595347774147,-0.361527580772162,-0.24943873245382553,0.31434575764472256,0.46799636898811525,0.04989881671325105,-0.1301924316694306,-0.24405061348972754,-0.21367104386922173,-0.16739261338738157,-0.40157900927422047,-0.28781278152798084,-0.21566554640687685,0.419251680374017,-0.31622776601683794,-0.1197675343951021,-0.3828241438588502
-1.8481776305470665,1.3058705389328826,-1.5232906166952238,-0.0657240779900777,0.9486199205717981,-0.6248595347774147,-0.3574921367281887,-0.25107371710846715,0.20793205935258885,0.3198548990216792,-0.022896102115684856,-0.14072342884090341,-0.27472990842303685,-0.2739585895998231,-0.2144450515627103,-0.25038378295485414,-0.006210422398314191,-0.21566554640687685,0.419251680374017,-0.31622776601683794,-0.1197675343951021,-0.22546431502435177
-1.8547876927335032,1.3058705389328826,-1.5232906166952238,-0.0657240779900777,-1.1058777683671228,-0.6248595347774147,-0.19739028063576747,-0.17286695112810996,0.4623114714604513,0.5471559330923178,0.2034661797222391,-0.09398379740738876,-0.04957508289552937,0.025849745925329737,0.30313176836590566,0.05817790341119955,1.0028646978163247,-0.21566554640687685,0.419251680374017,-0.31622776601683794,-0.1197675343951021,0.17842591231752758
-1.8613977549199399,1.3058705389328826,-1.5232906166952238,-0.5586546629156589,1.1768974415650115,-0.6248595347774147,-0.242481981474948,-0.2037240424672985,0.17043389900202743,0.25426554590676853,-0.0019550980690046654,-0.1207445275614795,-0.130173230601681,-0.24300012017059539,-0.12034017521205286,-0.062161154271561395,0.6039280223826302,-0.21566554640687685,0.419251680374017,-0.31622776601683794,-0.1197675343951021,0.007952764413487587
-1.8680078171063765,-1.0404304293857267,-1.5232906166952238,-0.5586546629156589,0.2637873575921578,1.6003596718040265,-0.4488159899841944,-0.30000647212952686,0.022468185186298666,0.1536198144028539,-0.11663202499130094,-0.1944115188511652,-0.5131444292183306,-0.3521694597368195,-0.3085499279133677,-0.48489066459305497,-0.49901455087523083,-0.21566554640687685,0.419251680374017,-0.31622776601683794,-0.1197675343951021,-0.4851080326012742
-1.874617879292813,-1.0404304293857267,-1.5232906166952238,-0.5586546629156589,-0.42104520538748247,-0.6248595347774147,0.6184712326023242,0.16976614256880912,1.3744288853930258,1.5671834591207556,0.9842664734627433,-0.12885939405278848,-0.2705700040253,0.011185207774642913,-0.07328773703672413,-0.07758923858986408,-0.21741219174556417,-0.21566554640687685,0.419251680374017,-0.31622776601683794,-0.1197675343951021,-0.0943311243289364
-1.8812279414792497,1.3058705389328826,-1.5232906166952238,-1.0515852478412402,1.1768974415650115,-0.6248595347774147,-0.2982763817351014,-0.22357742755937524,0.31637268523123935,0.4352016924306599,0.09277801547550096,-0.11889493786838855,-0.16813235823102984,-0.013255689143168463,-0.12034017521205286,-0.15781527704503803,0.11112389390571359,-0.21566554640687685,0.419251680374017,-0.31622776601683794,-0.1197675343951021,-0.1284257539097444
-1.8878380036656863,0.13272005477357798,-1.5232906166952238,-1.0515852478412402,-1.1058777683671228,1.6003596718040265,-0.38328388779184447,-0.26934402182065276,0.12786841968517396,0.21468576385466728,-0.04982025017570224,-0.17714868171564963,-0.39822707023084986,-0.2821055552390936,-0.261497489738039,-0.15472966018137752,0.11112389390571359,-0.21566554640687685,0.419251680374017,-0.31622776601683794,-0.1197675343951021,-0.13367108153756102
-1.894448065852123,1.3058705389328826,-1.5232906166952238,-1.5445158327668214,1.1768974415650115,-0.6248595347774147,1.819980833173174,8.251936476797685,3.6658705219503047,3.1458513375417083,2.5917378317126705,10.525910320125256,5.309941745538696,4.588150503916786,6.514053607509297,4.217589435625603,3.6076865197657413,-0.21566554640687685,0.419251680374017,-0.31622776601683794,-0.1197675343951021,4.351084040245645
-1.9010581280385597,-1.0404304293857267,-1.5232906166952238,-1.5445158327668214,-0.8776002473739094,-0.6248595347774147,-0.3574044096837545,-0.25617331210270644,0.36907280248067703,0.520015511113734,0.22540437443780884,-0.1396403357773817,-0.22845097199821432,0.1496836236422407,-0.12034017521205286,-0.30901050336440433,-0.3816802345712031,-0.21566554640687685,0.419251680374017,-0.31622776601683794,-0.1197675343951021,-0.3120122208833259
-1.9076681902249963,1.3058705389328826,-1.5232906166952238,1.4130676767866661,1.1768974415650115,1.6003596718040265,-0.1749321572606114,-0.16645677319641983,0.5089308059503385,0.6127452862072285,0.2972021025978552,-0.0861855273500323,0.04194281385468153,0.208341776244988,0.5383939592425492,0.10754777322976813,1.190599603902769,-0.21566554640687685,0.419251680374017,-0.31622776601683794,-0.1197675343951021,0.2544831629208685
-1.914278252411433,1.3058705389328826,-1.5232906166952238,1.4130676767866661,-1.3341552893603363,1.6003596718040265,6.119307826804614,6.073488113380673,0.7967545232357287,0.9372994990344586,0.5320405051213402,-0.1334583738302038,-0.12289339790564151,-0.03443779980527165,0.020817139313933312,-0.13930157586307482,0.15805762042732469,-0.21566554640687685,0.419251680374017,-0.31622776601683794,-0.1197675343951021,-0.09957645195675302
-1.9208883145978697,-1.0404304293857267,-1.5232906166952238,0.9201370918610848,1.1768974415650115,-0.6248595347774147,6.324238202602913,5.493496771249593,1.5761081802514507,1.7130632272556432,0.9902496174760805,1.0834550034321881,1.8156220514397348,0.6841245695783827,0.06786957748926203,0.27417108386743716,0.2049913469489358,-0.21566554640687685,0.419251680374017,-0.31622776601683794,-0.1197675343951021,0.2597284905486851
-1.9274983767843064,1.3058705389328826,-1.5232906166952238,0.9201370918610848,-1.1058777683671228,-0.6248595347774147,-0.330910842264625,-0.24686947085367442,0.242389828323375,0.35151872466336015,0.007518213285445897,-0.15996915943117418,-0.3069691675054975,-0.05073173108381257,-0.16739261338738157,-0.15781527704503803,0.25192507347054693,-0.21566554640687685,0.419251680374017,-0.31622776601683794,-0.1197675343951021,-0.11531243484020286
-1.934108438970743,0.13272005477357798,-1.5232906166952238,0.42720650693550355,1.1768974415650115,1.6003596718040265,-0.40302247278954023,-0.2905469180562432,0.022468185186298666,0.13439534883469045,-0.1545252704091032,-0.1925286032176582,-0.42526644881613945,-0.272329196471969,-0.2144450515627103,-0.40775024300154156,-0.14701160196314753,-0.21566554640687685,0.419251680374017,-0.31622776601683794,-0.1197675343951021,-0.37495615241712527
-1.9407185011571797,0.13272005477357798,-1.5232906166952238,0.42720650693550355,-1.1058777683671228,1.6003596718040265,0.08123081248726252,0.28176259141175963,0.26468603177506017,0.30176128436929,-0.007938242082341862,0.5175472092271881,0.8994031078381917,0.10243122293447204,-0.3085499279133677,0.06434913713852063,0.22845821020974136,-0.21566554640687685,0.419251680374017,-0.31622776601683794,-0.1197675343951021,0.06302870450556204
-1.9473285633436164,-1.0404304293857267,-1.5232906166952238,-0.0657240779900777,0.9486199205717981,-0.6248595347774147,0.05526360733473831,0.020891706515608864,0.6548695921795504,0.6749420865748161,0.34107849202899465,0.188803469993031,0.8671638487557309,0.7134536458797565,-0.12034017521205286,0.261828616412795,0.2049913469489358,-0.21566554640687685,0.419251680374017,-0.31622776601683794,-0.1197675343951021,0.23874718003741863
-1.953938625530053,1.3058705389328826,-1.5232906166952238,-0.0657240779900777,-1.1058777683671228,-0.6248595347774147,-0.19739028063576747,-0.16970079036832778,0.3224534679907899,0.41936977960981947,0.14911928826775955,-0.08383604855070055,0.003983686225332692,0.1871596655828848,0.11492201566459075,0.042749819092896865,0.7916629284690747,-0.21566554640687685,0.419251680374017,-0.31622776601683794,-0.1197675343951021,0.13121796366717803
-1.9605486877164895,-1.0404304293857267,-1.5232906166952238,-0.5586546629156589,1.1768974415650115,-0.6248595347774147,-0.20493480645710896,-0.19296688152525168,-0.48527717523616787,-0.4785258475149918,-0.45916701975485547,-0.049943567147574405,0.23641834444887969,-0.3619458185039441,-0.16739261338738157,-0.20101391313628555,-0.33474650804959194,4.636809247747853,-2.3852021275332596,-0.31622776601683794,-0.1197675343951021,-0.21759632358262684
-1.9671587499029262,1.3058705389328826,-1.5232906166952238,-0.5586546629156589,-1.1058777683671228,-0.6248595347774147,-0.27616916653768214,-0.21531167180535374,0.14104344899753338,0.22373257118086184,-0.04483429683125458,-0.13602447124223993,-0.2289709600479314,-0.07191384174591577,-0.02623529886139541,-0.059075537407900856,0.6977954754258524,-0.21566554640687685,0.419251680374017,-0.31622776601683794,-0.1197675343951021,0.02631141111084574
-1.9737688120893628,-1.0404304293857267,-1.5232906166952238,-1.0515852478412402,1.1768974415650115,-0.6248595347774147,-0.38547706390269953,-0.27203006803899255,-0.07077048379347563,0.037142170078098814,-0.20239042251580078,-0.1582362105295394,-0.31320902410210283,-0.2413707270427413,-0.35560236608869644,-0.41083585986520205,-0.28781278152798084,-0.21566554640687685,0.419251680374017,-0.31622776601683794,-0.1197675343951021,-0.40118279055620837
-1.9803788742757995,1.3058705389328826,-1.5232906166952238,-1.0515852478412402,-0.8776002473739094,1.6003596718040265,-0.30248727986794316,-0.2309348585052625,0.07820869381551156,0.1581432180659512,-0.09967978362017889,-0.14367277456772415,-0.24769052983774728,-0.06213748297879121,-0.16739261338738157,-0.13313034213575375,0.3457925265137691,-0.21566554640687685,0.419251680374017,-0.31622776601683794,-0.1197675343951021,-0.08384046907330317
-1.9869889364622362,-1.0404304293857267,-1.5232906166952238,-1.5445158327668214,0.9486199205717981,-0.6248595347774147,0.34651739485629357,0.12695809196831162,0.593048300790787,0.7631484580052131,0.2049619657255734,-0.1762655442946242,-0.38600735106249784,-0.19085954007926445,-0.35560236608869644,-0.32752420454636755,-0.33474650804959194,-0.21566554640687685,0.419251680374017,-0.31622776601683794,-0.1197675343951021,-0.33561619520850067
-2.240271693138781,1.3058705389328826,-1.8262351145916225,0.9201370918610848,1.8617300045446517,1.6003596718040265,-0.3629312134831093,-0.2675533243417596,0.2555648576357344,0.38318255030504117,0.013002761964338328,-0.1802146682339265,-0.40238697462858675,-0.31632281092402953,-0.35560236608869644,-0.35220913945565185,-0.19394532848475862,-0.21566554640687685,0.419251680374017,-0.31622776601683794,-0.1197675343951021,-0.3408615228363173
-2.240271693138781,-1.0404304293857267,-1.8262351145916225,0.9201370918610848,0.4920648785853713,1.6003596718040265,1.0114883916675554,-0.24513067764953175,1.825420273393021,1.678006848866639,0.876071285888229,0.8230627679913561,3.6023009902677154,2.2923355867703714,-0.02623529886139541,1.2337979284658642,0.4631268428177969,-0.21566554640687685,0.419251680374017,-0.31622776601683794,-0.1197675343951021,1.0989809109993434
-2.240271693138781,-1.0404304293857267,-1.8262351145916225,0.9201370918610848,-0.8776002473739094,-0.6248595347774147,1.1216735594769147,-0.28456495039124496,-0.35960766487212426,-0.3484779922009448,-0.4212737743370532,-0.07322173652818759,0.19949919291896506,-0.7285592722711147,-0.3085499279133677,-0.24112693236387253,-0.5224814141360364,4.636809247747853,-2.3852021275332596,-0.31622776601683794,-0.1197675343951021,-0.2805402551164262
-2.240271693138781,1.3058705389328826,-1.8262351145916225,0.42720650693550355,1.1768974415650115,-0.6248595347774147,-0.37249346132643746,-0.27395052620476207,0.21705323349191458,0.333425110010971,0.017490119974341224,-0.19481143013615781,-0.4606256361969028,-0.21367104386922173,-0.3085499279133677,-0.32443858768270706,0.08765703064490803,-0.21566554640687685,0.419251680374017,-0.31622776601683794,-0.1197675343951021,-0.2831629189303345
-2.240271693138781,1.3058705389328826,-1.8262351145916225,0.42720650693550355,-0.8776002473739094,-0.6248595347774147,-0.3496844297735446,-0.25344833767830377,0.19273010245371258,0.30967724077971026,0.0005378786032191669,-0.1681840037437313,-0.3709276976207017,-0.20715347135780537,-0.02623529886139541,-0.29358241904610166,0.2049913469489358,-0.21566554640687685,0.419251680374017,-0.31622776601683794,-0.1197675343951021,-0.22808697883826007
-2.240271693138781,0.13272005477357798,-1.8262351145916225,-0.0657240779900777,0.7203423995785847,-0.6248595347774147,-0.11159323117911656,-0.11887352931887382,0.8464142491053911,0.9395612008660073,0.6556921480636423,-0.13567454886787136,-0.19725168901518786,0.17575391368790616,2.279334171729712,0.5580478353242065,1.6834037323796858,-0.21566554640687685,0.419251680374017,-0.31622776601683794,-0.1197675343951021,0.7895065809581632
-2.2660941790633653,-1.0404304293857267,-1.8262351145916225,-0.0657240779900777,-0.8776002473739094,1.6003596718040265,-0.39872384761226426,-0.2847855435589347,-0.8724203442608829,-0.838136438731226,-0.6760559902383289,-0.17148327184492057,-0.3688477454218333,-0.9045337300793566,-0.35560236608869644,-0.5373461512752841,-0.592882003918453,4.636809247747853,-2.3852021275332596,-0.31622776601683794,-0.1197675343951021,-0.5428066365072569
-2.2660941790633653,1.3058705389328826,-1.8262351145916225,-0.5586546629156589,0.4920648785853713,-0.6248595347774147,2.3140595474266075,-0.26472454136785584,2.069665047568299,2.2943205979636443,1.1064223304017111,0.014875386961649143,0.6092497760960457,0.3044759707883794,-0.2144450515627103,0.024236117910933642,0.2049913469489358,-0.21566554640687685,0.419251680374017,-0.31622776601683794,-0.1197675343951021,0.031556738738662354
-2.2660941790633653,0.13272005477357798,-1.8262351145916225,-0.5586546629156589,-1.1058777683671228,-0.6248595347774147,-0.3729320965486085,-0.2735093398693826,0.17144736279528586,0.28706022246422386,-0.013422790761234293,-0.18636330424068834,-0.41980657429410984,-0.2625528377048445,-0.261497489738039,-0.33986667200100973,-0.029677285659119746,-0.21566554640687685,0.419251680374017,-0.31622776601683794,-0.1197675343951021,-0.3067668932555093
-2.2660941790633653,1.3058705389328826,-1.8262351145916225,-1.0515852478412402,-0.19276768439426906,-0.6248595347774147,-0.3942497683461199,-0.27885548016868694,0.1369895938244997,0.24748044041212258,-0.03885115281791738,-0.1904790578820709,-0.46452554656978107,-0.28862312775050997,-0.261497489738039,-0.29975365277342275,-0.07661101218073085,-0.21566554640687685,0.419251680374017,-0.31622776601683794,-0.1197675343951021,-0.2779175913025179
-2.2660941790633653,-1.0404304293857267,-1.8262351145916225,-1.0515852478412402,-1.3341552893603363,-0.6248595347774147,-0.38863523750233087,-0.2788035758939364,-0.8724203442608829,-0.8426598423943232,-0.6755573949038841,-0.16455147623838148,-0.34388831903541217,-0.9061631232072107,-0.35560236608869644,-0.5157468332296603,-0.592882003918453,4.636809247747853,-2.3852021275332596,-0.31622776601683794,-0.1197675343951021,-0.5244479898098988
-2.297723635506875,1.3058705389328826,-1.8262351145916225,-1.5445158327668214,0.9486199205717981,-0.6248595347774147,-0.3945129494794225,-0.28322841531641885,0.09442411450764622,0.21355491293889295,-0.09120366293461786,-0.19289518856223475,-0.46114562424661987,-0.2837349483669477,-0.261497489738039,-0.3799796912285967,-0.0531441489199253,-0.21566554640687685,0.419251680374017,-0.31622776601683794,-0.1197675343951021,-0.3434841866502256
-2.297723635506875,1.3058705389328826,-1.8262351145916225,-1.5445158327668214,-1.3341552893603363,-0.6248595347774147,-0.40003975327877733,-0.29022251633905244,0.030575895532365994,0.15022726165553096,-0.13607724303464683,-0.20452594176743735,-0.4939048713787976,-0.36031642537609,-0.3085499279133677,-0.41700709359252314,-0.14701160196314753,-0.21566554640687685,0.419251680374017,-0.31622776601683794,-0.1197675343951021,-0.3880694714866668
-2.297723635506875,1.3058705389328826,-1.8262351145916225,1.4130676767866661,0.4920648785853713,-0.6248595347774147,-0.18984575481442598,-0.16109765682842786,0.4866346024986533,0.5279314675241543,0.2897231725811837,-0.13404157778748474,-0.22949094809764853,0.07473153976095248,0.6324988355932066,0.30194163564038196,1.2375333304243803,-0.21566554640687685,0.419251680374017,-0.31622776601683794,-0.1197675343951021,0.4302016384527251
-2.297723635506875,1.3058705389328826,-1.8262351145916225,1.4130676767866661,-1.3341552893603363,-0.6248595347774147,-0.40477701367822433,-0.28680981027420527,0.04881824381101749,0.15135811257130527,-0.07375282622905104,-0.19969368040710964,-0.49676480565224174,-0.2967700933897804,-0.3085499279133677,-0.32443858768270706,0.017256440862491364,-0.21566554640687685,0.419251680374017,-0.31622776601683794,-0.1197675343951021,-0.29103091037205947
-2.297723635506875,1.3058705389328826,-1.8262351145916225,0.9201370918610848,0.7203423995785847,-0.6248595347774147,-0.3837225230140155,-0.27449552108964265,0.0244951127728155,0.1208251378453986,-0.09419523494128645,-0.18594672998548767,-0.4343662396861888,-0.2983994865176345,-0.3085499279133677,-0.30901050336440433,0.06419016738410248,-0.21566554640687685,0.419251680374017,-0.31622776601683794,-0.1197675343951021,-0.2726722636747013
-2.297723635506875,1.3058705389328826,-1.8262351145916225,0.9201370918610848,-1.1058777683671228,1.6003596718040265,-0.34406989892975554,-0.25470701634100407,0.029562431739107577,0.10951662868765538,-0.1425589823824288,-0.18048127575725495,-0.4081068431754749,-0.28862312775050997,-0.3085499279133677,-0.22878446490923038,0.4396599795569914,-0.21566554640687685,0.419251680374017,-0.31622776601683794,-0.1197675343951021,-0.1625203834905524
-2.297723635506875,-1.0404304293857267,-1.8262351145916225,0.42720650693550355,0.7203423995785847,-0.6248595347774147,1.3988910198889974,-0.31206123994033685,-0.17617071829235093,-0.1686726965928277,-0.33052942346810577,-0.01916706117334924,0.5302115925390454,-0.6422014364948478,-0.35560236608869644,-0.15781527704503803,-0.4286139610928142,4.636809247747853,-2.3852021275332596,-0.31622776601683794,-0.1197675343951021,-0.201860340699177
-2.3524574214618554,1.3058705389328826,-1.8262351145916225,-1.5445158327668214,-1.3341552893603363,-0.6248595347774147,-0.24634197143005296,-0.20628032799876198,0.2555648576357344,0.34699532100026287,0.10274992216439628,-0.13804069063741115,-0.16813235823102984,0.13827787174726205,0.44428908289189173,0.01806488418361257,0.6508617489042413,-0.21566554640687685,0.419251680374017,-0.31622776601683794,-0.1197675343951021,0.11285931696981988
-2.3524574214618554,1.3058705389328826,-1.8262351145916225,1.4130676767866661,0.4920648785853713,-0.6248595347774147,-0.3784589003479633,-0.2678128457155122,-0.1184032820766212,-0.054456754099621224,-0.2108665432013618,-0.18766301591691442,-0.44346603055623823,-0.31306402466832134,0.11492201566459075,-0.16707212763601964,0.3223256632529636,-0.21566554640687685,0.419251680374017,-0.31622776601683794,-0.1197675343951021,-0.09957645195675302
-2.3524574214618554,1.3058705389328826,-1.8262351145916225,1.4130676767866661,-1.3341552893603363,-0.6248595347774147,-0.4098651822554081,-0.289638593248109,-0.19643999415751925,-0.10873759805678865,-0.2198412592213676,-0.20272634098497047,-0.48948497295620225,-0.3619458185039441,-0.12034017521205286,-0.38923654181957834,-0.029677285659119746,-0.21566554640687685,0.419251680374017,-0.31622776601683794,-0.1197675343951021,-0.3408615228363173
-2.5824505197805814,0.13272005477357798,-1.8262351145916225,0.42720650693550355,0.03550983659894439,-0.6248595347774147,-0.46267686300479854,-0.30659831502284385,-0.3950788976361688,-0.33490778121165293,-0.36842266888590797,-0.2158734244791035,-0.589842666551604,-0.5102205931386664,-0.35560236608869644,-0.38923654181957834,-0.12354473870234196,-0.21566554640687685,0.419251680374017,-0.31622776601683794,-0.1197675343951021,-0.36446549716149207
-2.5824505197805814,-1.0404304293857267,-1.8262351145916225,0.42720650693550355,-1.3341552893603363,-0.6248595347774147,-0.44960553338410225,-0.2937909352281512,-0.3058940838294282,-0.2625333226020964,-0.31457437276587324,-0.20285964474663468,-0.5529235150216893,-0.40919821921171273,-0.16739261338738157,-0.2658118672731568,-0.21741219174556417,-0.21566554640687685,0.419251680374017,-0.31622776601683794,-0.1197675343951021,-0.25955894460515977
-2.5824505197805814,1.3058705389328826,-1.8262351145916225,-0.0657240779900777,0.7203423995785847,-0.6248595347774147,-0.4330251219860378,-0.2892752633248553,-0.3048806200361698,-0.2602716207705477,-0.29612634539141686,-0.20632554254990423,-0.5446037062262156,-0.39779246731673407,-0.02623529886139541,-0.2719831010004779,0.25192507347054693,-0.21566554640687685,0.419251680374017,-0.31622776601683794,-0.1197675343951021,-0.20448300451308532
